game_id,competition,date,round_name,team,innings,player_id,profile_id,player_name,lineup_order,batting_position,status,runs,balls,fours,sixes,strike_rate
1cac43d7,PASA Multicultural T20 Winter 2026,2026-04-11,Round 1,Adelaide Gladiators CC,FIRST_INNINGS,82c11045-d8e4-4d19-87f4-caedefa8bceb,d0fa5baf-81e3-442b-b74f-3cf3fef5afca,Abdullah Rizwan,7,9,OUT,0,2,,,0.0
1cac43d7,PASA Multicultural T20 Winter 2026,2026-04-11,Round 1,Adelaide Gladiators CC,FIRST_INNINGS,e3a54e48-3643-48b9-86d9-33c56f6cee80,c03c8a2c-de64-43dc-a233-97aba3c35ab0,Dulanja Yasas Randiv Balasuriya Arachchige,2,7,OUT,22,15,2.0,1.0,146.66
1cac43d7,PASA Multicultural T20 Winter 2026,2026-04-11,Round 1,Adelaide Gladiators CC,FIRST_INNINGS,cb775242-8433-4584-9e27-5b98777a57c6,b065fcc9-072c-4a43-bb8c-451dac083d8c,Harnek Singh,8,10,OUT,1,11,,,9.09
1cac43d7,PASA Multicultural T20 Winter 2026,2026-04-11,Round 1,Adelaide Gladiators CC,FIRST_INNINGS,a0656c02-3c9f-5d37-be7d-f67067f38815,,Fill-in,11,4,OUT,1,2,,,50.0
1cac43d7,PASA Multicultural T20 Winter 2026,2026-04-11,Round 1,Adelaide Gladiators CC,FIRST_INNINGS,2c23fc93-da14-42d0-a76e-b99ff724f23c,a5fab62e-b5df-4cd0-843b-18b2d5f246b8,Matt Brown,4,3,OUT,2,5,,,40.0
1cac43d7,PASA Multicultural T20 Winter 2026,2026-04-11,Round 1,Adelaide Gladiators CC,FIRST_INNINGS,bb45ed7b-22e1-4d5d-9802-3bf59a767c34,8568cb52-c653-4548-b752-58e52874e09c,Muzafar Ali,1,1,OUT,0,3,,,0.0
1cac43d7,PASA Multicultural T20 Winter 2026,2026-04-11,Round 1,Adelaide Gladiators CC,FIRST_INNINGS,1a45766b-4b73-4d03-a79b-18397f682494,db7f5fcd-9ff5-4bd8-841b-1bbee4012702,Pasindu Wijesinghe,10,11,NOT_OUT,0,5,,,0.0
1cac43d7,PASA Multicultural T20 Winter 2026,2026-04-11,Round 1,Adelaide Gladiators CC,FIRST_INNINGS,d1acc3f4-9764-41c7-a354-3044eb8a4955,1c6ef2c3-5a2e-4a21-845b-78fc3a3f24cf,Rachitha Boyagoda,3,5,OUT,5,6,1.0,,83.33
1cac43d7,PASA Multicultural T20 Winter 2026,2026-04-11,Round 1,Adelaide Gladiators CC,FIRST_INNINGS,10cc8bad-81a8-4211-83da-285ad5396f6b,3305ba5d-e1a4-4de0-816b-a0702dcf4a27,Ramesh Puri,6,2,OUT,3,7,,,42.85
1cac43d7,PASA Multicultural T20 Winter 2026,2026-04-11,Round 1,Adelaide Gladiators CC,FIRST_INNINGS,4086fe0a-e52e-55ff-ae2f-418756d579f6,,Fill-in,12,8,OUT,45,28,3.0,4.0,160.71
1cac43d7,PASA Multicultural T20 Winter 2026,2026-04-11,Round 1,Adelaide Gladiators CC,FIRST_INNINGS,02f899c1-4a29-4e8d-9d30-0fe8773e2d04,474fc624-9168-45c0-b827-4e4df3a1bc3f,Rizwan Latif,5,6,OUT,3,8,,,37.5
1cac43d7,PASA Multicultural T20 Winter 2026,2026-04-11,Round 1,Southern Strikers,FIRST_INNINGS,cafae226-6214-4f48-87d4-13649f021352,ef3b5ad9-2e7b-4cc5-bbcf-49410da7c63d,Andrew Martini,10,1,NOT_OUT,43,36,2.0,3.0,119.44
1cac43d7,PASA Multicultural T20 Winter 2026,2026-04-11,Round 1,Southern Strikers,FIRST_INNINGS,24264573-910b-4ae5-9f41-fe226a93bae8,d6178b0f-01e9-45bd-bf78-aff878c86bac,Ashwin Umasankar,11,2,NOT_OUT,37,44,3.0,1.0,84.09
ba62857f,PASA Multicultural T20 Winter 2026,2026-04-25,Round 2,Southern Strikers,FIRST_INNINGS,d5361c7a-5750-4cee-b7c2-a28148922051,fcc3f863-5be4-46ff-9f99-ba85089b0e63,Akbar Hameed,3,5,OUT,17,23,2.0,,73.91
ba62857f,PASA Multicultural T20 Winter 2026,2026-04-25,Round 2,Southern Strikers,FIRST_INNINGS,dec65cf7-8a96-4a2c-9374-212906390d6e,b199e83f-eb6e-451a-a5a1-bbef9fc15cbc,Akshay Bansod,2,7,OUT,23,18,2.0,,127.77
ba62857f,PASA Multicultural T20 Winter 2026,2026-04-25,Round 2,Southern Strikers,FIRST_INNINGS,cafae226-6214-4f48-87d4-13649f021352,ef3b5ad9-2e7b-4cc5-bbcf-49410da7c63d,Andrew Martini,6,1,OUT,23,16,3.0,1.0,143.75
ba62857f,PASA Multicultural T20 Winter 2026,2026-04-25,Round 2,Southern Strikers,FIRST_INNINGS,24264573-910b-4ae5-9f41-fe226a93bae8,d6178b0f-01e9-45bd-bf78-aff878c86bac,Ashwin Umasankar,9,2,OUT,6,5,1.0,,120.0
ba62857f,PASA Multicultural T20 Winter 2026,2026-04-25,Round 2,Southern Strikers,FIRST_INNINGS,7b9bed40-d875-4fcd-bfe8-57483096284a,dd9152ad-fbe0-4997-848f-307083024512,Dattar Singh,8,3,OUT,12,4,3.0,,300.0
ba62857f,PASA Multicultural T20 Winter 2026,2026-04-25,Round 2,Southern Strikers,FIRST_INNINGS,3c36170b-0098-5ce9-85b2-3aec7ef1976f,,Fill-in,11,10,OUT,1,3,,,33.33
ba62857f,PASA Multicultural T20 Winter 2026,2026-04-25,Round 2,Southern Strikers,FIRST_INNINGS,a4acedbe-2177-49b4-b057-de68f050a606,d3245a85-777c-488f-8a31-ff977ad434af,Kazi Ayman,1,6,OUT,12,17,1.0,,70.58
ba62857f,PASA Multicultural T20 Winter 2026,2026-04-25,Round 2,Southern Strikers,FIRST_INNINGS,9bf400db-2ab2-41d7-a85a-ae95553beb97,2675ede3-e09d-429d-ac88-ebf8dd588970,Nitin Kataria,5,4,OUT,1,5,,,20.0
ba62857f,PASA Multicultural T20 Winter 2026,2026-04-25,Round 2,Southern Strikers,FIRST_INNINGS,237f1871-1e84-5d6c-ba97-76ac4c2c4a74,,Fill-in,10,9,OUT,15,8,1.0,1.0,187.5
ba62857f,PASA Multicultural T20 Winter 2026,2026-04-25,Round 2,Southern Strikers,FIRST_INNINGS,9c7e17b1-ef77-4f0e-a33d-3d0dcf1274a4,f1289e93-e7e9-4427-9676-c6a936842527,Raman Kahlon,4,8,OUT,25,16,,3.0,156.25
ba62857f,PASA Multicultural T20 Winter 2026,2026-04-25,Round 2,Southern Strikers,FIRST_INNINGS,4ad8c9f5-2cb6-443f-9aae-610b1edaecb1,85b005ed-8790-41a7-809e-d2636ffe78a1,Tashrif Rayhan,7,11,NOT_OUT,0,0,,,
ba62857f,PASA Multicultural T20 Winter 2026,2026-04-25,Round 2,Royal Kings XI,FIRST_INNINGS,6d0edcdf-62be-4e07-bda9-84c36a40c237,c147e901-a6e3-44b4-90a4-acae2184b600,Harjot Singh,3,4,OUT,22,16,1.0,1.0,137.5
ba62857f,PASA Multicultural T20 Winter 2026,2026-04-25,Round 2,Royal Kings XI,FIRST_INNINGS,2a2afb09-a119-56ee-ba9c-9580ebf02869,,Fill-in,10,6,OUT,8,7,,1.0,114.28
ba62857f,PASA Multicultural T20 Winter 2026,2026-04-25,Round 2,Royal Kings XI,FIRST_INNINGS,9f54c31b-fcb5-4c9c-9770-6b51ea848a8e,f1971a78-0778-489a-968a-1b33d1650309,Jobandeep Singh,4,1,OUT,24,17,4.0,,141.17
ba62857f,PASA Multicultural T20 Winter 2026,2026-04-25,Round 2,Royal Kings XI,FIRST_INNINGS,53ed8f4b-5ec8-4777-8848-ec389c562ea4,c6b7bcf0-f46e-4c20-bff9-091c9f216a90,Love Minhas,2,5,OUT,1,2,,,50.0
ba62857f,PASA Multicultural T20 Winter 2026,2026-04-25,Round 2,Royal Kings XI,FIRST_INNINGS,9cc1ffdc-c693-463f-8467-0fc516aeca0d,5829afc5-9531-43b8-bb03-2ad64f3a835b,Lovedeep Dhillon,1,7,OUT,31,24,,3.0,129.16
ba62857f,PASA Multicultural T20 Winter 2026,2026-04-25,Round 2,Royal Kings XI,FIRST_INNINGS,78d861ea-baca-4d8c-b03b-6f446b61a2d4,3a6f19ad-8cf1-484b-9f84-a268603fc338,Manraj Singh,5,8,NOT_OUT,22,16,1.0,1.0,137.5
ba62857f,PASA Multicultural T20 Winter 2026,2026-04-25,Round 2,Royal Kings XI,FIRST_INNINGS,ec255bd5-b83b-43f6-b70e-5cd3aadf909d,08ff3d97-23ee-4a41-b28b-bdae986f66d3,SARBJIT SINGH,7,3,OUT,9,14,1.0,,64.28
ba62857f,PASA Multicultural T20 Winter 2026,2026-04-25,Round 2,Royal Kings XI,FIRST_INNINGS,b95cd63f-340e-56ef-b7b7-16b5b2c78be4,,Fill-in,9,9,NOT_OUT,23,13,2.0,1.0,176.92
ba62857f,PASA Multicultural T20 Winter 2026,2026-04-25,Round 2,Royal Kings XI,FIRST_INNINGS,43bc8536-ed00-4d39-9363-9c6ff5a9c295,73216772-e8e0-45b8-9394-4ab0eaf83aa6,Varinder Singh,6,2,OUT,25,11,1.0,3.0,227.27
2ded75f6,PASA Multicultural T20 Winter 2026,2026-05-09,Round 4,Southern Strikers,FIRST_INNINGS,d5361c7a-5750-4cee-b7c2-a28148922051,fcc3f863-5be4-46ff-9f99-ba85089b0e63,Akbar Hameed,2,4,NOT_OUT,72,44,5.0,5.0,163.63
2ded75f6,PASA Multicultural T20 Winter 2026,2026-05-09,Round 4,Southern Strikers,FIRST_INNINGS,dec65cf7-8a96-4a2c-9374-212906390d6e,b199e83f-eb6e-451a-a5a1-bbef9fc15cbc,Akshay Bansod,1,8,OUT,14,13,,1.0,107.69
2ded75f6,PASA Multicultural T20 Winter 2026,2026-05-09,Round 4,Southern Strikers,FIRST_INNINGS,cafae226-6214-4f48-87d4-13649f021352,ef3b5ad9-2e7b-4cc5-bbcf-49410da7c63d,Andrew Martini,7,2,OUT,5,8,1.0,,62.5
2ded75f6,PASA Multicultural T20 Winter 2026,2026-05-09,Round 4,Southern Strikers,FIRST_INNINGS,24264573-910b-4ae5-9f41-fe226a93bae8,d6178b0f-01e9-45bd-bf78-aff878c86bac,Ashwin Umasankar,9,1,OUT,16,22,3.0,,72.72
2ded75f6,PASA Multicultural T20 Winter 2026,2026-05-09,Round 4,Southern Strikers,FIRST_INNINGS,ed11e44e-3a3a-4797-b028-77ca343406de,afa45f78-64fb-42ed-81ff-656dd6164613,Mohib Ahmed Khan,5,3,OUT,3,3,,,100.0
2ded75f6,PASA Multicultural T20 Winter 2026,2026-05-09,Round 4,Southern Strikers,FIRST_INNINGS,51b04930-b247-4c1f-ad0b-c52ea2590135,749b0118-ccac-4edb-8fb5-f4a81ebbf427,Muktadirul Haq Khan,6,7,OUT,0,2,,,0.0
2ded75f6,PASA Multicultural T20 Winter 2026,2026-05-09,Round 4,Southern Strikers,FIRST_INNINGS,9bf400db-2ab2-41d7-a85a-ae95553beb97,2675ede3-e09d-429d-ac88-ebf8dd588970,Nitin Kataria,4,5,OUT,18,21,1.0,1.0,85.71
2ded75f6,PASA Multicultural T20 Winter 2026,2026-05-09,Round 4,Southern Strikers,FIRST_INNINGS,9c7e17b1-ef77-4f0e-a33d-3d0dcf1274a4,f1289e93-e7e9-4427-9676-c6a936842527,Raman Kahlon,3,6,OUT,5,7,1.0,,71.42
2ded75f6,PASA Multicultural T20 Winter 2026,2026-05-09,Round 4,SBS Strikers,FIRST_INNINGS,536742d5-748b-45df-9e4f-e6961286dda3,8cc81d10-cea0-4f73-8724-ea9f1ded24f2,Gagandeep Singh Dhillon,2,1,NOT_OUT,50,33,3.0,4.0,151.51
2ded75f6,PASA Multicultural T20 Winter 2026,2026-05-09,Round 4,SBS Strikers,FIRST_INNINGS,96f5f8da-572d-4e6b-8c4f-cc55456b223f,76fd4414-6639-4583-9d55-2407394adb0b,Gursahib singh Sandhu,8,3,NOT_OUT,86,48,7.0,6.0,179.16
2ded75f6,PASA Multicultural T20 Winter 2026,2026-05-09,Round 4,SBS Strikers,FIRST_INNINGS,146098e4-8c64-4326-8ec3-389497159bb4,9f94b793-20a6-402b-ba14-d931a11053cf,Harpreet Singh Mann,6,2,OUT,6,7,1.0,,85.71
151761b7,PASA Multicultural T20 Winter 2026,2026-05-23,Round 5,SA Marines,FIRST_INNINGS,5b4c59b4-c7e4-4f74-b320-c3dda45abdd7,5fe30a66-9da0-40f4-8cc6-9b0424fbd210,Anand Ganu,2,6,OUT,6,6,1.0,,100.0
151761b7,PASA Multicultural T20 Winter 2026,2026-05-23,Round 5,SA Marines,FIRST_INNINGS,cf744fdd-bb90-46be-b57f-fe01303afb2e,c996f97a-17fb-4800-a795-565b529bdd75,Harsh Kanhere,5,8,OUT,12,16,,,75.0
151761b7,PASA Multicultural T20 Winter 2026,2026-05-23,Round 5,SA Marines,FIRST_INNINGS,2ba921ed-aeed-4094-b579-0f1df9fde8ba,32efe2a5-cd3b-4e1d-88a8-481a6f155e11,Nanda Kasuba,6,7,OUT,8,12,,,66.66
151761b7,PASA Multicultural T20 Winter 2026,2026-05-23,Round 5,SA Marines,FIRST_INNINGS,209f8c63-f798-45ac-ad04-85e5d10cf144,6d694d76-1db1-47b8-aa69-b6778cc8da64,neeraj gupta,4,1,OUT,14,16,1.0,,87.5
151761b7,PASA Multicultural T20 Winter 2026,2026-05-23,Round 5,SA Marines,FIRST_INNINGS,1e7a4a03-fb3e-4676-8c5d-a0ce2af87b77,89a9a43e-b9c6-4e6c-acdc-2cce0e273bb2,Nilesh Korde,7,5,OUT,0,2,,,0.0
151761b7,PASA Multicultural T20 Winter 2026,2026-05-23,Round 5,SA Marines,FIRST_INNINGS,462ef814-b6d4-44e6-8fb4-cf222a2b0542,a6300c13-a98c-4d66-9f54-8d90649640b3,Pardeep Bansal,1,2,OUT,7,9,1.0,,77.77
151761b7,PASA Multicultural T20 Winter 2026,2026-05-23,Round 5,SA Marines,FIRST_INNINGS,1905936c-cfb0-4fe1-9607-9b7effc262fd,519f1b51-b319-4978-bbd3-955e4d4e1190,Rupender Rana,9,9,OUT,13,9,2.0,,144.44
151761b7,PASA Multicultural T20 Winter 2026,2026-05-23,Round 5,SA Marines,FIRST_INNINGS,a371e182-b7f0-4324-82c6-1737753fa0d1,5fe10d90-847b-46e7-b154-bd8f1fd88095,Sachin Vaidya,12,3,OUT,0,2,,,0.0
151761b7,PASA Multicultural T20 Winter 2026,2026-05-23,Round 5,SA Marines,FIRST_INNINGS,9bfd11d1-d518-489c-aaad-e727693b4d89,4e1291a2-61ee-42a9-876d-d1ec6f921b9c,Sachin Vashishth,10,4,OUT,9,20,,,45.0
151761b7,PASA Multicultural T20 Winter 2026,2026-05-23,Round 5,SA Marines,FIRST_INNINGS,539a091c-11b7-485b-8ad6-735c7f2e72c9,6a1c45db-eb49-4e9e-ba48-690ab5d72717,Shiva Gunapu,8,11,OUT,2,3,,,66.66
151761b7,PASA Multicultural T20 Winter 2026,2026-05-23,Round 5,SA Marines,FIRST_INNINGS,d0a08890-a45c-4ee9-afa4-4277a41db6d3,bf462860-1b9d-44bd-b195-88b9f5b86c53,Subodh Ganu,3,10,NOT_OUT,11,11,1.0,,100.0
151761b7,PASA Multicultural T20 Winter 2026,2026-05-23,Round 5,Southern Strikers,FIRST_INNINGS,d5361c7a-5750-4cee-b7c2-a28148922051,fcc3f863-5be4-46ff-9f99-ba85089b0e63,Akbar Hameed,3,2,OUT,50,23,6.0,3.0,217.39
151761b7,PASA Multicultural T20 Winter 2026,2026-05-23,Round 5,Southern Strikers,FIRST_INNINGS,dec65cf7-8a96-4a2c-9374-212906390d6e,b199e83f-eb6e-451a-a5a1-bbef9fc15cbc,Akshay Bansod,2,7,OUT,6,4,1.0,,150.0
151761b7,PASA Multicultural T20 Winter 2026,2026-05-23,Round 5,Southern Strikers,FIRST_INNINGS,cafae226-6214-4f48-87d4-13649f021352,ef3b5ad9-2e7b-4cc5-bbcf-49410da7c63d,Andrew Martini,10,10,NOT_OUT,2,2,,,100.0
151761b7,PASA Multicultural T20 Winter 2026,2026-05-23,Round 5,Southern Strikers,FIRST_INNINGS,24264573-910b-4ae5-9f41-fe226a93bae8,d6178b0f-01e9-45bd-bf78-aff878c86bac,Ashwin Umasankar,8,3,OUT,11,19,,,57.89
151761b7,PASA Multicultural T20 Winter 2026,2026-05-23,Round 5,Southern Strikers,FIRST_INNINGS,66cd6aae-b005-4cf6-af2a-9f61ba48e12e,4afca099-6dfd-418d-bb0c-08898729337f,Jason Lay,12,4,OUT,10,9,,1.0,111.11
151761b7,PASA Multicultural T20 Winter 2026,2026-05-23,Round 5,Southern Strikers,FIRST_INNINGS,a4acedbe-2177-49b4-b057-de68f050a606,d3245a85-777c-488f-8a31-ff977ad434af,Kazi Ayman,1,9,OUT,4,4,,,100.0
151761b7,PASA Multicultural T20 Winter 2026,2026-05-23,Round 5,Southern Strikers,FIRST_INNINGS,9bf400db-2ab2-41d7-a85a-ae95553beb97,2675ede3-e09d-429d-ac88-ebf8dd588970,Nitin Kataria,5,1,OUT,22,20,2.0,1.0,110.0
151761b7,PASA Multicultural T20 Winter 2026,2026-05-23,Round 5,Southern Strikers,FIRST_INNINGS,9c7e17b1-ef77-4f0e-a33d-3d0dcf1274a4,f1289e93-e7e9-4427-9676-c6a936842527,Raman Kahlon,4,8,NOT_OUT,9,7,,1.0,128.57
151761b7,PASA Multicultural T20 Winter 2026,2026-05-23,Round 5,Southern Strikers,FIRST_INNINGS,5bcb3e97-5250-46ca-895c-02c23cbcef62,6ee75f79-20d3-44aa-a029-1795b7858d9a,Razin Rz,11,5,OUT,25,28,1.0,,89.28
151761b7,PASA Multicultural T20 Winter 2026,2026-05-23,Round 5,Southern Strikers,FIRST_INNINGS,afa13680-c063-4d05-a69a-6a9da8eabd0f,5e3fc10c-4a3d-4c49-87a6-4e964891abc4,Varinder pal Singh,9,6,OUT,8,5,,1.0,160.0
07bb9fb5,PASA Multicultural T20 Winter 2026,2026-08-15,Round 6,Punjab Lions CC,FIRST_INNINGS,cafa2a75-92b1-42b9-846b-67bbd8b032e3,88017cc0-8116-4267-ad6d-35b6a8060a41,Daniyal Khan,4,1,OUT,73,47,5.0,4.0,155.31
07bb9fb5,PASA Multicultural T20 Winter 2026,2026-08-15,Round 6,Punjab Lions CC,FIRST_INNINGS,5e293329-7be7-4f0d-8425-4c29630aad0c,24469f91-5324-4615-9592-c24430f7aa73,Karan Bhardwaj,1,4,NOT_OUT,9,8,1.0,,112.5
07bb9fb5,PASA Multicultural T20 Winter 2026,2026-08-15,Round 6,Punjab Lions CC,FIRST_INNINGS,0145cd0a-fddc-4de6-9170-43c0ea015acc,3f12a041-5758-4d77-afb1-2045ea5ac52b,Manmohan Singh,8,2,OUT,8,15,,,53.33
07bb9fb5,PASA Multicultural T20 Winter 2026,2026-08-15,Round 6,Punjab Lions CC,FIRST_INNINGS,208c8953-bfbd-491c-8bd2-bfc4f98f1633,76d7cebd-77a4-4d47-bfc1-205a57c29680,Pushpinder Singh,9,3,NOT_OUT,42,27,5.0,1.0,155.55
07bb9fb5,PASA Multicultural T20 Winter 2026,2026-08-15,Round 6,Southern Strikers,FIRST_INNINGS,dec65cf7-8a96-4a2c-9374-212906390d6e,b199e83f-eb6e-451a-a5a1-bbef9fc15cbc,Akshay Bansod,2,7,NOT_OUT,2,7,,,28.57
07bb9fb5,PASA Multicultural T20 Winter 2026,2026-08-15,Round 6,Southern Strikers,FIRST_INNINGS,cafae226-6214-4f48-87d4-13649f021352,ef3b5ad9-2e7b-4cc5-bbcf-49410da7c63d,Andrew Martini,6,1,OUT,8,8,1.0,,100.0
07bb9fb5,PASA Multicultural T20 Winter 2026,2026-08-15,Round 6,Southern Strikers,FIRST_INNINGS,676f1b87-a175-44b1-a9bb-73f33f54c5f4,91d72c5d-fc8d-45c1-bc50-d69a24e02263,Gurkaranpreet Singh Dhindsa,10,5,OUT,38,30,3.0,,126.66
07bb9fb5,PASA Multicultural T20 Winter 2026,2026-08-15,Round 6,Southern Strikers,FIRST_INNINGS,a4acedbe-2177-49b4-b057-de68f050a606,d3245a85-777c-488f-8a31-ff977ad434af,Kazi Ayman,1,8,OUT,5,5,,,100.0
07bb9fb5,PASA Multicultural T20 Winter 2026,2026-08-15,Round 6,Southern Strikers,FIRST_INNINGS,ed11e44e-3a3a-4797-b028-77ca343406de,afa45f78-64fb-42ed-81ff-656dd6164613,Mohib Ahmed Khan,5,3,OUT,42,45,,,93.33
07bb9fb5,PASA Multicultural T20 Winter 2026,2026-08-15,Round 6,Southern Strikers,FIRST_INNINGS,9bf400db-2ab2-41d7-a85a-ae95553beb97,2675ede3-e09d-429d-ac88-ebf8dd588970,Nitin Kataria,4,4,OUT,10,15,,,66.66
07bb9fb5,PASA Multicultural T20 Winter 2026,2026-08-15,Round 6,Southern Strikers,FIRST_INNINGS,9c7e17b1-ef77-4f0e-a33d-3d0dcf1274a4,f1289e93-e7e9-4427-9676-c6a936842527,Raman Kahlon,3,6,OUT,10,7,1.0,,142.85
07bb9fb5,PASA Multicultural T20 Winter 2026,2026-08-15,Round 6,Southern Strikers,FIRST_INNINGS,4ad8c9f5-2cb6-443f-9aae-610b1edaecb1,85b005ed-8790-41a7-809e-d2636ffe78a1,Tashrif Rayhan,8,2,OUT,3,4,2.0,1.0,75.0
c1334814,PASA Multicultural T20 Winter 2026,2026-06-06,Round 7,SEA Thunders,FIRST_INNINGS,1dfefbe3-7aac-41f3-83b2-53ee734ee9cc,d3f41de8-c1ee-4045-a824-769a0364882b,Afran Chowdhury,6,4,OUT,12,12,2.0,,100.0
c1334814,PASA Multicultural T20 Winter 2026,2026-06-06,Round 7,SEA Thunders,FIRST_INNINGS,45e10ae0-e115-465b-b785-caaaefaba557,4e184edd-f6ae-48d3-853a-bae4fa7722a7,Ahsanul Sagor,8,7,OUT,3,8,,,37.5
c1334814,PASA Multicultural T20 Winter 2026,2026-06-06,Round 7,SEA Thunders,FIRST_INNINGS,d1a81d90-4cad-4b74-b151-665629077623,676bdd14-b2b7-449a-8daf-39ec711bbc19,Anmol Batish,3,3,OUT,5,14,,,35.71
c1334814,PASA Multicultural T20 Winter 2026,2026-06-06,Round 7,SEA Thunders,FIRST_INNINGS,85ee0038-c36b-4c15-9112-01ab4d5869a2,b9a35e86-d334-4a9d-b21e-69585150c511,Mani Singh,10,8,OUT,7,5,1.0,,140.0
c1334814,PASA Multicultural T20 Winter 2026,2026-06-06,Round 7,SEA Thunders,FIRST_INNINGS,7358d8d1-760c-415c-b4d0-a634184597ed,bf921051-759f-450f-b264-1e44594616d9,Nishit Bhalani,4,9,OUT,1,1,,,100.0
c1334814,PASA Multicultural T20 Winter 2026,2026-06-06,Round 7,SEA Thunders,FIRST_INNINGS,0a1549e2-9670-4cd6-b35b-61561d45bc25,5bea991f-816c-4495-aece-06dde379104a,PRIYAS SUTRA DHAR,11,2,OUT,7,10,,,70.0
c1334814,PASA Multicultural T20 Winter 2026,2026-06-06,Round 7,SEA Thunders,FIRST_INNINGS,257e5dd7-67fb-44e6-890a-5e9144d2cc6a,94962762-e50c-4805-9775-96233c3bd93d,Rauf Choudhry,5,6,NOT_OUT,25,26,1.0,1.0,96.15
c1334814,PASA Multicultural T20 Winter 2026,2026-06-06,Round 7,SEA Thunders,FIRST_INNINGS,443e9e81-6010-47f3-9479-eb52f38b1f85,781762e9-444d-4809-af63-84658fd5ab56,S M Mominul Islam Abir,1,5,OUT,1,8,,,12.5
c1334814,PASA Multicultural T20 Winter 2026,2026-06-06,Round 7,SEA Thunders,FIRST_INNINGS,21bb80d8-2596-4ecc-b70b-8e8d812b1d8a,603c83f5-4788-40b3-a011-e405ae6baf7c,Sahill Thakur,12,1,OUT,37,36,4.0,1.0,102.77
c1334814,PASA Multicultural T20 Winter 2026,2026-06-06,Round 7,Southern Strikers,FIRST_INNINGS,d5361c7a-5750-4cee-b7c2-a28148922051,fcc3f863-5be4-46ff-9f99-ba85089b0e63,Akbar Hameed,3,3,OUT,45,34,4.0,,132.35
c1334814,PASA Multicultural T20 Winter 2026,2026-06-06,Round 7,Southern Strikers,FIRST_INNINGS,dec65cf7-8a96-4a2c-9374-212906390d6e,b199e83f-eb6e-451a-a5a1-bbef9fc15cbc,Akshay Bansod,2,5,OUT,7,16,,,43.75
c1334814,PASA Multicultural T20 Winter 2026,2026-06-06,Round 7,Southern Strikers,FIRST_INNINGS,24264573-910b-4ae5-9f41-fe226a93bae8,d6178b0f-01e9-45bd-bf78-aff878c86bac,Ashwin Umasankar,7,6,OUT,6,6,1.0,,100.0
c1334814,PASA Multicultural T20 Winter 2026,2026-06-06,Round 7,Southern Strikers,FIRST_INNINGS,1f26b61c-3504-41a1-bfd3-da80390e5929,baeca14f-2e9c-4670-8a7e-fc2dd0ea8358,Hans Vishwakarma,8,9,NOT_OUT,1,6,,,16.66
c1334814,PASA Multicultural T20 Winter 2026,2026-06-06,Round 7,Southern Strikers,FIRST_INNINGS,a4acedbe-2177-49b4-b057-de68f050a606,d3245a85-777c-488f-8a31-ff977ad434af,Kazi Ayman,1,4,OUT,5,8,,,62.5
c1334814,PASA Multicultural T20 Winter 2026,2026-06-06,Round 7,Southern Strikers,FIRST_INNINGS,269c7f5f-0a76-5c0d-b2c8-e602b34f42a0,,Fill-in,11,8,OUT,1,2,,,50.0
c1334814,PASA Multicultural T20 Winter 2026,2026-06-06,Round 7,Southern Strikers,FIRST_INNINGS,51b04930-b247-4c1f-ad0b-c52ea2590135,749b0118-ccac-4edb-8fb5-f4a81ebbf427,Muktadirul Haq Khan,6,1,OUT,18,17,,,105.88
c1334814,PASA Multicultural T20 Winter 2026,2026-06-06,Round 7,Southern Strikers,FIRST_INNINGS,9bf400db-2ab2-41d7-a85a-ae95553beb97,2675ede3-e09d-429d-ac88-ebf8dd588970,Nitin Kataria,5,2,OUT,7,11,,,63.63
c1334814,PASA Multicultural T20 Winter 2026,2026-06-06,Round 7,Southern Strikers,FIRST_INNINGS,9c7e17b1-ef77-4f0e-a33d-3d0dcf1274a4,f1289e93-e7e9-4427-9676-c6a936842527,Raman Kahlon,4,7,OUT,17,16,,1.0,106.25
c1334814,PASA Multicultural T20 Winter 2026,2026-06-06,Round 7,Southern Strikers,FIRST_INNINGS,4ad8c9f5-2cb6-443f-9aae-610b1edaecb1,85b005ed-8790-41a7-809e-d2636ffe78a1,Tashrif Rayhan,10,10,NOT_OUT,5,5,,,100.0
ce67a9a6,PASA Multicultural T20 Winter 2026,2026-06-27,Round 9,Youngsters XI,FIRST_INNINGS,9f7b6201-176f-4d17-bce7-be7585bd6f28,c8c04fd2-0297-4c75-8128-805af1da85c7,Aksat Duiwala,10,1,OUT,47,25,3.0,4.0,188.0
ce67a9a6,PASA Multicultural T20 Winter 2026,2026-06-27,Round 9,Youngsters XI,FIRST_INNINGS,e2ff64e3-8498-4aaf-aea7-ea83ee9cbc7a,43ca8dde-6175-4fc8-abf6-4afe5b0f2e6d,Azizullah Safi,6,6,OUT,2,6,,,33.33
ce67a9a6,PASA Multicultural T20 Winter 2026,2026-06-27,Round 9,Youngsters XI,FIRST_INNINGS,beb3fd01-1911-4861-93b1-4ab267c486a0,52c7abdb-9eab-446d-8c95-6b1ee022227e,Izatullah Paigham,4,9,OUT,0,3,,,0.0
ce67a9a6,PASA Multicultural T20 Winter 2026,2026-06-27,Round 9,Youngsters XI,FIRST_INNINGS,2ea3fb04-d060-4d67-8145-17d0725c56bb,01d2e4c4-cad0-4ce8-a19e-2a459dfeaa0d,Mansoor Ahmadzai,7,10,OUT,0,1,,,0.0
ce67a9a6,PASA Multicultural T20 Winter 2026,2026-06-27,Round 9,Youngsters XI,FIRST_INNINGS,b2b8e41f-8032-420f-87a4-d87255f83840,4483583b-524d-4111-aa6b-179c6dbf5447,Monam Nadeem,3,5,OUT,4,7,,,57.14
ce67a9a6,PASA Multicultural T20 Winter 2026,2026-06-27,Round 9,Youngsters XI,FIRST_INNINGS,9efb4d76-a6d7-4f24-8909-86cf642718e0,8074a234-d1e0-430c-9e07-0980a920355a,Mubashir Sharif,11,4,OUT,14,18,2.0,,77.77
ce67a9a6,PASA Multicultural T20 Winter 2026,2026-06-27,Round 9,Youngsters XI,FIRST_INNINGS,34ab126a-8428-4856-9d56-76acd76b6402,d309e687-05ba-4186-9539-7f16818a4f23,Muhammad Abdul Wahab Hassan,1,3,OUT,7,15,,,46.66
ce67a9a6,PASA Multicultural T20 Winter 2026,2026-06-27,Round 9,Youngsters XI,FIRST_INNINGS,e28674ea-ad9b-498e-a2a5-2f4456440c0f,263fd75f-8cdd-4cc0-a4c5-38cdb81055fc,Muhammad Hammad Hassan Janjua,2,7,OUT,7,7,1.0,,100.0
ce67a9a6,PASA Multicultural T20 Winter 2026,2026-06-27,Round 9,Youngsters XI,FIRST_INNINGS,04ecf7cf-5d8b-4b72-8dbf-85b04fefbcc7,6feacff7-3ddb-4973-a581-6a210fcfae6f,Muhammad Zain Sharif,9,2,OUT,13,12,1.0,,108.33
ce67a9a6,PASA Multicultural T20 Winter 2026,2026-06-27,Round 9,Youngsters XI,FIRST_INNINGS,be5d4552-6f01-41b0-929d-298f001308cb,21681108-7670-49e7-b642-6a1755698f80,subhan hakimi,8,8,OUT,2,7,,,28.57
ce67a9a6,PASA Multicultural T20 Winter 2026,2026-06-27,Round 9,Youngsters XI,FIRST_INNINGS,86f899c6-d616-4378-984f-939500ab3d29,b253f625-47d6-4f23-a81b-2784c84f1f93,Tawfiqullah Paigham,5,11,NOT_OUT,0,0,,,
ce67a9a6,PASA Multicultural T20 Winter 2026,2026-06-27,Round 9,Southern Strikers,FIRST_INNINGS,d5361c7a-5750-4cee-b7c2-a28148922051,fcc3f863-5be4-46ff-9f99-ba85089b0e63,Akbar Hameed,3,1,OUT,12,9,1.0,1.0,133.33
ce67a9a6,PASA Multicultural T20 Winter 2026,2026-06-27,Round 9,Southern Strikers,FIRST_INNINGS,dec65cf7-8a96-4a2c-9374-212906390d6e,b199e83f-eb6e-451a-a5a1-bbef9fc15cbc,Akshay Bansod,2,6,OUT,15,14,1.0,1.0,107.14
ce67a9a6,PASA Multicultural T20 Winter 2026,2026-06-27,Round 9,Southern Strikers,FIRST_INNINGS,cafae226-6214-4f48-87d4-13649f021352,ef3b5ad9-2e7b-4cc5-bbcf-49410da7c63d,Andrew Martini,5,2,OUT,44,34,4.0,3.0,129.41
ce67a9a6,PASA Multicultural T20 Winter 2026,2026-06-27,Round 9,Southern Strikers,FIRST_INNINGS,6cb642e2-ab3e-4e5a-8113-4a99408f528b,3a7dd881-b228-4097-b04c-73fbcae60d2f,Asad Ullah,8,7,NOT_OUT,7,11,1.0,,63.63
ce67a9a6,PASA Multicultural T20 Winter 2026,2026-06-27,Round 9,Southern Strikers,FIRST_INNINGS,a4acedbe-2177-49b4-b057-de68f050a606,d3245a85-777c-488f-8a31-ff977ad434af,Kazi Ayman,1,5,OUT,0,3,,,0.0
ce67a9a6,PASA Multicultural T20 Winter 2026,2026-06-27,Round 9,Southern Strikers,FIRST_INNINGS,9bf400db-2ab2-41d7-a85a-ae95553beb97,2675ede3-e09d-429d-ac88-ebf8dd588970,Nitin Kataria,4,8,NOT_OUT,8,6,,1.0,133.33
ce67a9a6,PASA Multicultural T20 Winter 2026,2026-06-27,Round 9,Southern Strikers,FIRST_INNINGS,4ad8c9f5-2cb6-443f-9aae-610b1edaecb1,85b005ed-8790-41a7-809e-d2636ffe78a1,Tashrif Rayhan,6,3,OUT,13,12,1.0,,108.33
ce67a9a6,PASA Multicultural T20 Winter 2026,2026-06-27,Round 9,Southern Strikers,FIRST_INNINGS,afa13680-c063-4d05-a69a-6a9da8eabd0f,5e3fc10c-4a3d-4c49-87a6-4e964891abc4,Varinder pal Singh,10,4,OUT,10,15,1.0,,66.66
73d3576e,PASA Multicultural T20 Winter 2026,2026-07-04,Round 10,Southern Strikers,FIRST_INNINGS,d5361c7a-5750-4cee-b7c2-a28148922051,fcc3f863-5be4-46ff-9f99-ba85089b0e63,Akbar Hameed,4,1,OUT,7,6,1.0,,116.66
73d3576e,PASA Multicultural T20 Winter 2026,2026-07-04,Round 10,Southern Strikers,FIRST_INNINGS,dec65cf7-8a96-4a2c-9374-212906390d6e,b199e83f-eb6e-451a-a5a1-bbef9fc15cbc,Akshay Bansod,3,6,NOT_OUT,29,20,2.0,1.0,145.0
73d3576e,PASA Multicultural T20 Winter 2026,2026-07-04,Round 10,Southern Strikers,FIRST_INNINGS,cafae226-6214-4f48-87d4-13649f021352,ef3b5ad9-2e7b-4cc5-bbcf-49410da7c63d,Andrew Martini,7,2,OUT,24,30,2.0,,80.0
73d3576e,PASA Multicultural T20 Winter 2026,2026-07-04,Round 10,Southern Strikers,FIRST_INNINGS,a4acedbe-2177-49b4-b057-de68f050a606,d3245a85-777c-488f-8a31-ff977ad434af,Kazi Ayman,1,8,NOT_OUT,25,18,1.0,1.0,138.88
73d3576e,PASA Multicultural T20 Winter 2026,2026-07-04,Round 10,Southern Strikers,FIRST_INNINGS,9bf400db-2ab2-41d7-a85a-ae95553beb97,2675ede3-e09d-429d-ac88-ebf8dd588970,Nitin Kataria,6,4,OUT,13,18,,1.0,72.22
73d3576e,PASA Multicultural T20 Winter 2026,2026-07-04,Round 10,Southern Strikers,FIRST_INNINGS,9c7e17b1-ef77-4f0e-a33d-3d0dcf1274a4,f1289e93-e7e9-4427-9676-c6a936842527,Raman Kahlon,5,7,OUT,8,12,,,66.66
73d3576e,PASA Multicultural T20 Winter 2026,2026-07-04,Round 10,Southern Strikers,FIRST_INNINGS,809fa98b-3a75-4f10-bb31-6741679f5456,51fe4380-2721-4f57-90c0-5d06ef4aa755,Shane Bakridi,2,3,OUT,6,2,,1.0,300.0
73d3576e,PASA Multicultural T20 Winter 2026,2026-07-04,Round 10,Southern Strikers,FIRST_INNINGS,4ad8c9f5-2cb6-443f-9aae-610b1edaecb1,85b005ed-8790-41a7-809e-d2636ffe78a1,Tashrif Rayhan,9,5,OUT,7,13,,,53.84
73d3576e,PASA Multicultural T20 Winter 2026,2026-07-04,Round 10,Dominators B,FIRST_INNINGS,1200a8c4-7f6b-41ec-b95c-8f12a3c48846,c1516a23-ba13-47e7-a858-fdce3525612e,Anupama withanage,9,5,OUT,7,6,,,116.66
73d3576e,PASA Multicultural T20 Winter 2026,2026-07-04,Round 10,Dominators B,FIRST_INNINGS,46f09f8e-e7d0-4fa6-88cb-cff6e7f6ce3f,0bce2fa7-7edc-405c-94d5-f3e02ceb3437,Aravinda Gunasekara,2,6,OUT,14,15,,,93.33
73d3576e,PASA Multicultural T20 Winter 2026,2026-07-04,Round 10,Dominators B,FIRST_INNINGS,19243358-2920-4c32-b498-e48fd15cd893,01df149e-ffaa-4c70-a164-5ef751bf2b01,Gihan Karunasinghe,4,2,OUT,27,34,2.0,,79.41
73d3576e,PASA Multicultural T20 Winter 2026,2026-07-04,Round 10,Dominators B,FIRST_INNINGS,d17ca585-f11d-4ab9-8865-87f6cdc69109,df402c78-09a6-4d70-b814-998d57ab2343,Manura Hettiarachchige Don,3,3,OUT,0,3,,,0.0
73d3576e,PASA Multicultural T20 Winter 2026,2026-07-04,Round 10,Dominators B,FIRST_INNINGS,0484d1ac-e650-471f-9886-108e90084cdf,8acf4b15-fda8-49f7-b15a-31fde16b3779,Manuweldura Glain Charith Rasanga Perera,11,7,OUT,2,4,,,50.0
73d3576e,PASA Multicultural T20 Winter 2026,2026-07-04,Round 10,Dominators B,FIRST_INNINGS,f1fd8d5c-c48d-4ebc-86a9-9d9fefbf9eba,63526979-b48d-4496-9fcb-0ceeeb2d29ab,Nipun Tomer,7,8,NOT_OUT,1,1,,,100.0
73d3576e,PASA Multicultural T20 Winter 2026,2026-07-04,Round 10,Dominators B,FIRST_INNINGS,89d0e47f-e2b1-4f80-9e36-88b2d53c8349,ac9389d6-3960-44fe-8e1a-2006a1eaa7be,Shehan Buultjens,1,1,NOT_OUT,62,58,3.0,1.0,106.89
73d3576e,PASA Multicultural T20 Winter 2026,2026-07-04,Round 10,Dominators B,FIRST_INNINGS,b46e9cf7-375f-4248-8b65-d9485b3d42d7,64c22ec5-d52c-4790-a12c-ebb7e5578fb3,Soumyajit Roy,6,4,OUT,0,1,,,0.0
be1920fc,PASA Multicultural T20 Winter 2026,2026-07-18,Round 12,Lankan Hawks Cricket Club,FIRST_INNINGS,2e007500-3d9f-4e68-90a2-a79e8f429b55,bd2c3569-6d9d-4e3a-8802-5d5c707202fe,Harsha Warnakulasuriya,9,5,OUT,17,19,2.0,,89.47
be1920fc,PASA Multicultural T20 Winter 2026,2026-07-18,Round 12,Lankan Hawks Cricket Club,FIRST_INNINGS,00bfdfc1-99a0-402c-ac2c-b864bf1fa9f6,1151be4b-a5f5-400a-9ac3-29e285341262,Isuru Wick,11,7,OUT,16,13,2.0,,123.07
be1920fc,PASA Multicultural T20 Winter 2026,2026-07-18,Round 12,Lankan Hawks Cricket Club,FIRST_INNINGS,cd313671-0e52-454c-a328-88c08a8b4212,7e00f4cc-57dd-4a92-9e5c-5ee50c015f2b,Kavishka Gunasinghe,3,3,OUT,9,10,1.0,,90.0
be1920fc,PASA Multicultural T20 Winter 2026,2026-07-18,Round 12,Lankan Hawks Cricket Club,FIRST_INNINGS,ebaeb33f-214d-4c27-aab8-ba16f64c360e,60f8044d-0f88-427e-8558-91c1658ad426,Oshada Heshan,4,9,NOT_OUT,0,1,,,0.0
be1920fc,PASA Multicultural T20 Winter 2026,2026-07-18,Round 12,Lankan Hawks Cricket Club,FIRST_INNINGS,cfc1b653-5b7e-4564-9001-28c9c1c41a7d,16cc9118-d20d-414f-b6a2-2224db7ca85a,Pasan Saliya,7,8,NOT_OUT,3,3,,,100.0
be1920fc,PASA Multicultural T20 Winter 2026,2026-07-18,Round 12,Lankan Hawks Cricket Club,FIRST_INNINGS,d43666be-38f0-40c7-8098-f810debd3563,efce74ba-9135-474f-b404-1185f4d591c9,Seymitha Bandara,2,2,OUT,11,16,,,68.75
be1920fc,PASA Multicultural T20 Winter 2026,2026-07-18,Round 12,Lankan Hawks Cricket Club,FIRST_INNINGS,06d283f5-4896-416d-a0b8-66862e170148,db559b03-d268-4907-a51e-4471855537a0,Terrance Neydorff,5,6,OUT,43,28,4.0,1.0,153.57
be1920fc,PASA Multicultural T20 Winter 2026,2026-07-18,Round 12,Lankan Hawks Cricket Club,FIRST_INNINGS,e4f54de5-8668-4230-a547-b0de12073c50,5a3f6ac9-b59a-4953-b3fc-8588f64bceb7,Tharanga Weerarathna,10,4,OUT,7,10,1.0,,70.0
be1920fc,PASA Multicultural T20 Winter 2026,2026-07-18,Round 12,Lankan Hawks Cricket Club,FIRST_INNINGS,2558b73f-e445-4843-a250-bc388666e304,90aaad65-6ac2-41a1-828d-caffe7d87130,Wijesinghe Thilina,8,1,OUT,30,20,5.0,,150.0
be1920fc,PASA Multicultural T20 Winter 2026,2026-07-18,Round 12,Southern Strikers,FIRST_INNINGS,d5361c7a-5750-4cee-b7c2-a28148922051,fcc3f863-5be4-46ff-9f99-ba85089b0e63,Akbar Hameed,4,3,OUT,0,7,,,0.0
be1920fc,PASA Multicultural T20 Winter 2026,2026-07-18,Round 12,Southern Strikers,FIRST_INNINGS,dec65cf7-8a96-4a2c-9374-212906390d6e,b199e83f-eb6e-451a-a5a1-bbef9fc15cbc,Akshay Bansod,3,8,OUT,1,2,,,50.0
be1920fc,PASA Multicultural T20 Winter 2026,2026-07-18,Round 12,Southern Strikers,FIRST_INNINGS,6cb642e2-ab3e-4e5a-8113-4a99408f528b,3a7dd881-b228-4097-b04c-73fbcae60d2f,Asad Ullah,11,7,OUT,13,17,,,76.47
be1920fc,PASA Multicultural T20 Winter 2026,2026-07-18,Round 12,Southern Strikers,FIRST_INNINGS,24264573-910b-4ae5-9f41-fe226a93bae8,d6178b0f-01e9-45bd-bf78-aff878c86bac,Ashwin Umasankar,12,2,OUT,9,12,1.0,,75.0
be1920fc,PASA Multicultural T20 Winter 2026,2026-07-18,Round 12,Southern Strikers,FIRST_INNINGS,51b04930-b247-4c1f-ad0b-c52ea2590135,749b0118-ccac-4edb-8fb5-f4a81ebbf427,Muktadirul Haq Khan,7,5,OUT,23,25,,,92.0
be1920fc,PASA Multicultural T20 Winter 2026,2026-07-18,Round 12,Southern Strikers,FIRST_INNINGS,9bf400db-2ab2-41d7-a85a-ae95553beb97,2675ede3-e09d-429d-ac88-ebf8dd588970,Nitin Kataria,6,4,OUT,14,19,1.0,,73.68
be1920fc,PASA Multicultural T20 Winter 2026,2026-07-18,Round 12,Southern Strikers,FIRST_INNINGS,9c7e17b1-ef77-4f0e-a33d-3d0dcf1274a4,f1289e93-e7e9-4427-9676-c6a936842527,Raman Kahlon,5,6,NOT_OUT,38,33,1.0,1.0,115.15
be1920fc,PASA Multicultural T20 Winter 2026,2026-07-18,Round 12,Southern Strikers,FIRST_INNINGS,809fa98b-3a75-4f10-bb31-6741679f5456,51fe4380-2721-4f57-90c0-5d06ef4aa755,Shane Bakridi,2,1,OUT,1,6,,,16.66
f1d7f28f,PASA Multicultural T20 Winter 2026,2026-08-22,Round 13,Southern Strikers,FIRST_INNINGS,d5361c7a-5750-4cee-b7c2-a28148922051,fcc3f863-5be4-46ff-9f99-ba85089b0e63,Akbar Hameed,1,3,OUT,13,15,2.0,,86.66
f1d7f28f,PASA Multicultural T20 Winter 2026,2026-08-22,Round 13,Southern Strikers,FIRST_INNINGS,cafae226-6214-4f48-87d4-13649f021352,ef3b5ad9-2e7b-4cc5-bbcf-49410da7c63d,Andrew Martini,3,1,OUT,0,1,,,0.0
f1d7f28f,PASA Multicultural T20 Winter 2026,2026-08-22,Round 13,Southern Strikers,FIRST_INNINGS,24264573-910b-4ae5-9f41-fe226a93bae8,d6178b0f-01e9-45bd-bf78-aff878c86bac,Ashwin Umasankar,7,5,RETIRED_NOT_OUT,13,25,,,52.0
f1d7f28f,PASA Multicultural T20 Winter 2026,2026-08-22,Round 13,Southern Strikers,FIRST_INNINGS,676f1b87-a175-44b1-a9bb-73f33f54c5f4,91d72c5d-fc8d-45c1-bc50-d69a24e02263,Gurkaranpreet Singh Dhindsa,9,10,NOT_OUT,4,6,,,66.66
f1d7f28f,PASA Multicultural T20 Winter 2026,2026-08-22,Round 13,Southern Strikers,FIRST_INNINGS,1f26b61c-3504-41a1-bfd3-da80390e5929,baeca14f-2e9c-4670-8a7e-fc2dd0ea8358,Hans Vishwakarma,6,9,OUT,4,9,,,44.44
f1d7f28f,PASA Multicultural T20 Winter 2026,2026-08-22,Round 13,Southern Strikers,FIRST_INNINGS,9bf400db-2ab2-41d7-a85a-ae95553beb97,2675ede3-e09d-429d-ac88-ebf8dd588970,Nitin Kataria,2,4,OUT,5,8,1.0,,62.5
f1d7f28f,PASA Multicultural T20 Winter 2026,2026-08-22,Round 13,Southern Strikers,FIRST_INNINGS,9c7e17b1-ef77-4f0e-a33d-3d0dcf1274a4,f1289e93-e7e9-4427-9676-c6a936842527,Raman Kahlon,11,6,OUT,30,29,1.0,2.0,103.44
f1d7f28f,PASA Multicultural T20 Winter 2026,2026-08-22,Round 13,Southern Strikers,FIRST_INNINGS,5bcb3e97-5250-46ca-895c-02c23cbcef62,6ee75f79-20d3-44aa-a029-1795b7858d9a,Razin Rz,12,2,OUT,6,9,1.0,,66.66
f1d7f28f,PASA Multicultural T20 Winter 2026,2026-08-22,Round 13,Southern Strikers,FIRST_INNINGS,809fa98b-3a75-4f10-bb31-6741679f5456,51fe4380-2721-4f57-90c0-5d06ef4aa755,Shane Bakridi,10,7,OUT,1,3,,,33.33
f1d7f28f,PASA Multicultural T20 Winter 2026,2026-08-22,Round 13,Southern Strikers,FIRST_INNINGS,4ad8c9f5-2cb6-443f-9aae-610b1edaecb1,85b005ed-8790-41a7-809e-d2636ffe78a1,Tashrif Rayhan,5,8,NOT_OUT,15,15,2.0,,100.0
f1d7f28f,PASA Multicultural T20 Winter 2026,2026-08-22,Round 13,Punjab Power Squad,FIRST_INNINGS,5f6aab39-0b90-4738-b3a0-f942e486ecef,1a48be43-272f-43ba-bc68-e2e55a22e548,Amritpal Singh,8,6,OUT,18,25,,,72.0
f1d7f28f,PASA Multicultural T20 Winter 2026,2026-08-22,Round 13,Punjab Power Squad,FIRST_INNINGS,e16b7132-fc08-463e-8b5f-681bbc934d2d,ebdd6efc-c085-44f9-bf54-a16c42499225,Gurharbhej Sandhu,7,4,OUT,0,1,,,0.0
f1d7f28f,PASA Multicultural T20 Winter 2026,2026-08-22,Round 13,Punjab Power Squad,FIRST_INNINGS,c8356a25-adbb-413c-a354-c65a85989006,88ed9db5-cf33-4542-9ce4-779cd9356a26,Gurkirat Bela,2,2,OUT,49,39,3.0,3.0,125.64
f1d7f28f,PASA Multicultural T20 Winter 2026,2026-08-22,Round 13,Punjab Power Squad,FIRST_INNINGS,a4628c25-5e62-403e-8f5a-cdd75d36195d,79c2240c-2932-4cf7-a98a-10b9135ccd19,Gurvinder Singh,11,8,NOT_OUT,2,2,,,100.0
f1d7f28f,PASA Multicultural T20 Winter 2026,2026-08-22,Round 13,Punjab Power Squad,FIRST_INNINGS,0b975712-fb9e-4cdf-b2c8-d3da4e83090e,f55c0c29-dfdb-41e0-8e84-e38b6fa1e89b,Hardeep Singh Boparai,3,3,OUT,7,8,,1.0,87.5
f1d7f28f,PASA Multicultural T20 Winter 2026,2026-08-22,Round 13,Punjab Power Squad,FIRST_INNINGS,5dc7fd7f-a76c-4d25-8433-95caccc1b07d,0a427b03-35c1-4824-97bf-57a02b9a79e9,Harpreet Singh,10,5,OUT,23,22,2.0,1.0,104.54
f1d7f28f,PASA Multicultural T20 Winter 2026,2026-08-22,Round 13,Punjab Power Squad,FIRST_INNINGS,0eb43679-db61-4d73-8249-87a58d78fc5e,000c10bf-ad7b-4d0b-b042-efb98ce32e8f,Satinder Singh Minhas,4,7,NOT_OUT,20,19,1.0,1.0,105.26
f1d7f28f,PASA Multicultural T20 Winter 2026,2026-08-22,Round 13,Punjab Power Squad,FIRST_INNINGS,0420829f-6240-4af4-b848-b7393b8ea6bf,47fd3657-d72d-427e-9e3d-4875e4a32f90,Varun Bajaj,1,1,OUT,1,4,,,25.0
9870f876,PASA Multicultural T20 Winter 2026,2026-08-01,Round 14,Punjabi Slogger's,FIRST_INNINGS,d581a5a1-8617-48bd-9b5e-78d160b455c9,8a81fc97-6bfe-430c-9f1c-ed473d00584b,Amanjot singh Cheema,2,5,OUT,10,13,1.0,,76.92
9870f876,PASA Multicultural T20 Winter 2026,2026-08-01,Round 14,Punjabi Slogger's,FIRST_INNINGS,517fc4d6-f3c3-4cb3-b623-b25793bbf18d,df6b0342-f1cc-4120-9e6b-985c2a6af3b8,Amarjot Singh,5,7,OUT,11,14,1.0,,78.57
9870f876,PASA Multicultural T20 Winter 2026,2026-08-01,Round 14,Punjabi Slogger's,FIRST_INNINGS,f0dbf9b9-e739-4258-91ff-ef0358ab57e8,6b547316-9752-4a25-bbe1-a1ca59120c22,Hartaj Singh,8,4,OUT,25,21,,2.0,119.04
9870f876,PASA Multicultural T20 Winter 2026,2026-08-01,Round 14,Punjabi Slogger's,FIRST_INNINGS,19cc48bd-2967-4fbe-83dc-e73c9571b3cb,46de155f-9fb8-4e11-b8b7-d64f1488d849,Jaswinder Singh,9,2,OUT,22,16,3.0,1.0,137.5
9870f876,PASA Multicultural T20 Winter 2026,2026-08-01,Round 14,Punjabi Slogger's,FIRST_INNINGS,c12fae87-66af-4c20-a59c-4b17e1ad41a4,83649444-cfac-46b3-a6f4-3f782b107c8b,Karmbir Singh,10,1,OUT,19,11,3.0,1.0,172.72
9870f876,PASA Multicultural T20 Winter 2026,2026-08-01,Round 14,Punjabi Slogger's,FIRST_INNINGS,853c5c2b-b1de-48d7-af52-9998d7132074,984dc121-b587-436c-bf18-86fa5f5cc25b,Lovedeep joshi,4,3,OUT,13,14,1.0,1.0,92.85
9870f876,PASA Multicultural T20 Winter 2026,2026-08-01,Round 14,Punjabi Slogger's,FIRST_INNINGS,5da2826e-87fa-4c89-a0c0-9cdebdeee4b8,b6d4f6b1-c671-447b-a201-3d018e4f2b0c,Sandeep kumar Bhaskar,1,8,NOT_OUT,6,4,1.0,,150.0
9870f876,PASA Multicultural T20 Winter 2026,2026-08-01,Round 14,Punjabi Slogger's,FIRST_INNINGS,60b9cd5c-4b0b-41dc-9599-ec983c9d5cf9,4d1030a7-d7d4-4810-8e5f-05533f5678ec,Sukhpreet singh Gill,3,6,OUT,7,18,,,38.88
9870f876,PASA Multicultural T20 Winter 2026,2026-08-01,Round 14,Punjabi Slogger's,FIRST_INNINGS,6805f895-ac3f-4a60-b57a-5e96191ed66f,faca90b1-c239-48b1-ab5b-08e22c396a1c,sumit tanwar,11,9,NOT_OUT,0,0,,,
9870f876,PASA Multicultural T20 Winter 2026,2026-08-01,Round 14,Southern Strikers,FIRST_INNINGS,dec65cf7-8a96-4a2c-9374-212906390d6e,b199e83f-eb6e-451a-a5a1-bbef9fc15cbc,Akshay Bansod,2,4,OUT,15,24,1.0,,62.5
9870f876,PASA Multicultural T20 Winter 2026,2026-08-01,Round 14,Southern Strikers,FIRST_INNINGS,24264573-910b-4ae5-9f41-fe226a93bae8,d6178b0f-01e9-45bd-bf78-aff878c86bac,Ashwin Umasankar,11,1,RETIRED_NOT_OUT,50,48,4.0,,104.16
9870f876,PASA Multicultural T20 Winter 2026,2026-08-01,Round 14,Southern Strikers,FIRST_INNINGS,676f1b87-a175-44b1-a9bb-73f33f54c5f4,91d72c5d-fc8d-45c1-bc50-d69a24e02263,Gurkaranpreet Singh Dhindsa,3,6,OUT,22,17,1.0,1.0,129.41
9870f876,PASA Multicultural T20 Winter 2026,2026-08-01,Round 14,Southern Strikers,FIRST_INNINGS,a4acedbe-2177-49b4-b057-de68f050a606,d3245a85-777c-488f-8a31-ff977ad434af,Kazi Ayman,1,3,OUT,0,3,,,0.0
9870f876,PASA Multicultural T20 Winter 2026,2026-08-01,Round 14,Southern Strikers,FIRST_INNINGS,51b04930-b247-4c1f-ad0b-c52ea2590135,749b0118-ccac-4edb-8fb5-f4a81ebbf427,Muktadirul Haq Khan,6,8,NOT_OUT,1,3,,,33.33
9870f876,PASA Multicultural T20 Winter 2026,2026-08-01,Round 14,Southern Strikers,FIRST_INNINGS,9bf400db-2ab2-41d7-a85a-ae95553beb97,2675ede3-e09d-429d-ac88-ebf8dd588970,Nitin Kataria,5,2,OUT,3,5,,,60.0
9870f876,PASA Multicultural T20 Winter 2026,2026-08-01,Round 14,Southern Strikers,FIRST_INNINGS,55e7eadd-f97c-4ee1-a61d-efb07a5248a8,b9a601e4-a795-4f3b-9707-cb6ec057516d,Ovais Khan,7,5,OUT,14,17,1.0,,82.35
9870f876,PASA Multicultural T20 Winter 2026,2026-08-01,Round 14,Southern Strikers,FIRST_INNINGS,9c7e17b1-ef77-4f0e-a33d-3d0dcf1274a4,f1289e93-e7e9-4427-9676-c6a936842527,Raman Kahlon,4,7,OUT,1,2,,,50.0
9870f876,PASA Multicultural T20 Winter 2026,2026-08-01,Round 14,Southern Strikers,FIRST_INNINGS,4ad8c9f5-2cb6-443f-9aae-610b1edaecb1,85b005ed-8790-41a7-809e-d2636ffe78a1,Tashrif Rayhan,10,9,NOT_OUT,1,2,,,50.0
ea70855d,PASA Multicultural T20 Winter 2026,2026-08-08,Round 15,Pashtun Cricket Club,FIRST_INNINGS,8c075baf-b52d-4047-8323-e327c5c9edcb,bbc8ccee-f1a6-4158-9c87-5ada9874d18e,Ajay PUNDIR,4,1,OUT,14,8,3.0,,175.0
ea70855d,PASA Multicultural T20 Winter 2026,2026-08-08,Round 15,Pashtun Cricket Club,FIRST_INNINGS,0877c0f6-2edf-4be8-a44d-9e4cbe10712e,2cdf14ee-c167-4c84-8c14-430fea9393bb,Charanjit Singh,11,9,NOT_OUT,9,9,1.0,,100.0
ea70855d,PASA Multicultural T20 Winter 2026,2026-08-08,Round 15,Pashtun Cricket Club,FIRST_INNINGS,c199ddf5-48b1-471e-821e-5b8d97189d50,65930d8e-5250-4632-b6a1-c49cc4f085f0,Eswara Raj Kumar Reddy,12,4,OUT,30,26,2.0,1.0,115.38
ea70855d,PASA Multicultural T20 Winter 2026,2026-08-08,Round 15,Pashtun Cricket Club,FIRST_INNINGS,1670846d-00f5-4ec5-b0db-a0a230a2d002,91262fe4-544b-47bf-984a-6cc8a4fcae54,Iqrar Momand,3,3,OUT,5,7,1.0,,71.42
ea70855d,PASA Multicultural T20 Winter 2026,2026-08-08,Round 15,Pashtun Cricket Club,FIRST_INNINGS,cf2a1eaf-fd21-459b-95f6-2cf908264473,33d22781-9683-45b9-8436-bd90852138e4,James Beaumont,1,7,OUT,26,18,2.0,1.0,144.44
ea70855d,PASA Multicultural T20 Winter 2026,2026-08-08,Round 15,Pashtun Cricket Club,FIRST_INNINGS,6204f22a-7001-58e0-86e2-28a8a2cec805,,Private player,5,8,NOT_OUT,14,14,,,100.0
ea70855d,PASA Multicultural T20 Winter 2026,2026-08-08,Round 15,Pashtun Cricket Club,FIRST_INNINGS,9ed3bf32-a8f5-465c-9da1-03531693454d,e743beb1-37ce-4ca3-bda2-3d983e09cee0,Prasath Kumaravel,2,5,OUT,11,12,2.0,,91.66
ea70855d,PASA Multicultural T20 Winter 2026,2026-08-08,Round 15,Pashtun Cricket Club,FIRST_INNINGS,47bbad24-1f67-40cb-ace7-eecc27d173f9,c54f2da0-b949-4f15-8ed1-d1d6439f66be,Roman Safi,10,6,OUT,22,26,3.0,,84.61
ea70855d,PASA Multicultural T20 Winter 2026,2026-08-08,Round 15,Pashtun Cricket Club,FIRST_INNINGS,25b5e652-f8b9-448e-b974-ab34b3470ea2,144349c7-cc0a-4e9b-a6de-ab4cc96f199e,Usman Safi,8,2,OUT,0,1,,,0.0
ea70855d,PASA Multicultural T20 Winter 2026,2026-08-08,Round 15,Southern Strikers,FIRST_INNINGS,d5361c7a-5750-4cee-b7c2-a28148922051,fcc3f863-5be4-46ff-9f99-ba85089b0e63,Akbar Hameed,1,2,OUT,44,31,6.0,1.0,141.93
ea70855d,PASA Multicultural T20 Winter 2026,2026-08-08,Round 15,Southern Strikers,FIRST_INNINGS,dec65cf7-8a96-4a2c-9374-212906390d6e,b199e83f-eb6e-451a-a5a1-bbef9fc15cbc,Akshay Bansod,3,7,NOT_OUT,4,2,1.0,,200.0
ea70855d,PASA Multicultural T20 Winter 2026,2026-08-08,Round 15,Southern Strikers,FIRST_INNINGS,cafae226-6214-4f48-87d4-13649f021352,ef3b5ad9-2e7b-4cc5-bbcf-49410da7c63d,Andrew Martini,6,1,OUT,11,6,1.0,1.0,183.33
ea70855d,PASA Multicultural T20 Winter 2026,2026-08-08,Round 15,Southern Strikers,FIRST_INNINGS,24264573-910b-4ae5-9f41-fe226a93bae8,d6178b0f-01e9-45bd-bf78-aff878c86bac,Ashwin Umasankar,9,5,RETIRED_NOT_OUT,14,23,,,60.86
ea70855d,PASA Multicultural T20 Winter 2026,2026-08-08,Round 15,Southern Strikers,FIRST_INNINGS,51b04930-b247-4c1f-ad0b-c52ea2590135,749b0118-ccac-4edb-8fb5-f4a81ebbf427,Muktadirul Haq Khan,5,3,OUT,2,5,,,40.0
ea70855d,PASA Multicultural T20 Winter 2026,2026-08-08,Round 15,Southern Strikers,FIRST_INNINGS,9bf400db-2ab2-41d7-a85a-ae95553beb97,2675ede3-e09d-429d-ac88-ebf8dd588970,Nitin Kataria,4,4,OUT,65,43,4.0,4.0,151.16
ea70855d,PASA Multicultural T20 Winter 2026,2026-08-08,Round 15,Southern Strikers,FIRST_INNINGS,9c7e17b1-ef77-4f0e-a33d-3d0dcf1274a4,f1289e93-e7e9-4427-9676-c6a936842527,Raman Kahlon,2,6,OUT,14,12,,1.0,116.66
984e2f1d,SACA Autumn Super Cricket T20 Winter 2026,2026-04-12,Round 1,Southern Strikers,FIRST_INNINGS,924a0347-9afd-427e-9b93-3419fac6d03e,b199e83f-eb6e-451a-a5a1-bbef9fc15cbc,Akshay Bansod,1,8,NOT_OUT,21,8,1.0,2.0,262.5
984e2f1d,SACA Autumn Super Cricket T20 Winter 2026,2026-04-12,Round 1,Southern Strikers,FIRST_INNINGS,0246aeee-de4b-42c3-8590-441a644bc0c6,ff650939-e949-4043-b485-81ec033e1c98,Arafath Jiffry,3,7,OUT,10,10,1.0,,100.0
984e2f1d,SACA Autumn Super Cricket T20 Winter 2026,2026-04-12,Round 1,Southern Strikers,FIRST_INNINGS,0c908d08-b341-4ae8-a72f-93078f1eed76,d6178b0f-01e9-45bd-bf78-aff878c86bac,Ashwin Umasankar,9,1,OUT,45,44,2.0,1.0,102.27
984e2f1d,SACA Autumn Super Cricket T20 Winter 2026,2026-04-12,Round 1,Southern Strikers,FIRST_INNINGS,cb8418e7-91d1-528c-a6da-5da805886c6c,,Private player,7,2,OUT,21,27,,2.0,77.77
984e2f1d,SACA Autumn Super Cricket T20 Winter 2026,2026-04-12,Round 1,Southern Strikers,FIRST_INNINGS,3c27cc30-72d1-443f-951f-64112148f221,2675ede3-e09d-429d-ac88-ebf8dd588970,Nitin Kataria,6,4,OUT,20,9,3.0,1.0,222.22
984e2f1d,SACA Autumn Super Cricket T20 Winter 2026,2026-04-12,Round 1,Southern Strikers,FIRST_INNINGS,1c4c818f-fe08-4a4c-94d7-144d53869682,f1289e93-e7e9-4427-9676-c6a936842527,Raman Kahlon,5,6,OUT,1,3,,,33.33
984e2f1d,SACA Autumn Super Cricket T20 Winter 2026,2026-04-12,Round 1,Southern Strikers,FIRST_INNINGS,9e0d50d6-9c07-467e-9dc4-ef89900b9031,85b005ed-8790-41a7-809e-d2636ffe78a1,Tashrif Rayhan,11,3,OUT,32,16,,5.0,200.0
984e2f1d,SACA Autumn Super Cricket T20 Winter 2026,2026-04-12,Round 1,Southern Strikers,FIRST_INNINGS,7a14b414-d4c0-4e45-b40a-aa3f40b7bafd,0bf1c30c-ae96-4ed8-b0c3-a6e212acf068,Varundeep Basur,2,9,NOT_OUT,0,0,,,
984e2f1d,SACA Autumn Super Cricket T20 Winter 2026,2026-04-12,Round 1,Southern Strikers,FIRST_INNINGS,c21ba782-16dc-4b62-b116-cb7e73ced70d,2295e670-2adc-48c8-b4c2-2a983e9389a7,Vipul Sharma,10,5,OUT,1,2,,,50.0
984e2f1d,SACA Autumn Super Cricket T20 Winter 2026,2026-04-12,Round 1,Markhors,FIRST_INNINGS,f00de853-4c37-416a-a9f5-be29dac245e7,02985a9d-217a-47bb-a634-ed4026a0ddfe,Babar Azim Khan,8,6,OUT,3,4,,,75.0
984e2f1d,SACA Autumn Super Cricket T20 Winter 2026,2026-04-12,Round 1,Markhors,FIRST_INNINGS,da1c2068-d2fc-42c1-a7dc-39d011c036f4,2ab17049-163e-4706-ab0b-3d2f4e4016e2,Hamid Ali,2,4,OUT,43,29,4.0,1.0,148.27
984e2f1d,SACA Autumn Super Cricket T20 Winter 2026,2026-04-12,Round 1,Markhors,FIRST_INNINGS,c221002e-47c5-41de-9749-62cc8162f427,d6326f0b-409c-4185-b9c9-a8d1cd03f948,Mohammad ishfaq Sekmani,10,2,OUT,27,23,1.0,2.0,117.39
984e2f1d,SACA Autumn Super Cricket T20 Winter 2026,2026-04-12,Round 1,Markhors,FIRST_INNINGS,a0740b1d-d209-40be-b60c-7df19d428537,adf3f1aa-3c3e-485f-942d-8bdc494214f3,Muhammad Husnain Asif,3,7,OUT,7,6,1.0,,116.66
984e2f1d,SACA Autumn Super Cricket T20 Winter 2026,2026-04-12,Round 1,Markhors,FIRST_INNINGS,acb8d821-d948-469a-acd0-18f8c5fc1b03,08fe80f0-bf31-4733-a5f8-8b06299df9c3,Murtaza Zulfiqar,11,10,NOT_OUT,4,3,,,133.33
984e2f1d,SACA Autumn Super Cricket T20 Winter 2026,2026-04-12,Round 1,Markhors,FIRST_INNINGS,89e631de-423b-4ee0-a669-c0f6ef8caf43,d3f8467c-02d3-4f5c-a222-beb188ea77b5,Shahzad Alam,1,5,OUT,37,29,3.0,1.0,127.58
984e2f1d,SACA Autumn Super Cricket T20 Winter 2026,2026-04-12,Round 1,Markhors,FIRST_INNINGS,6c4c283d-7e91-410b-aa8c-207a8914624d,d7b3a9a2-6699-41c8-9c1e-cac1595bed6c,Syed Hussain,5,8,NOT_OUT,2,4,,,50.0
984e2f1d,SACA Autumn Super Cricket T20 Winter 2026,2026-04-12,Round 1,Markhors,FIRST_INNINGS,8f1ef626-ae45-4858-907a-be675997ec6d,5f090476-3bcf-44f1-a0ef-94d40fa68e6c,Syed Sarfaraz khan,9,9,OUT,0,1,,,0.0
984e2f1d,SACA Autumn Super Cricket T20 Winter 2026,2026-04-12,Round 1,Markhors,FIRST_INNINGS,47f496a4-d0a6-48e7-910b-937cef686aff,bcd3c585-e743-497b-ac86-09f06ca91681,Syed jassim hussain,4,3,OUT,23,20,2.0,1.0,115.0
984e2f1d,SACA Autumn Super Cricket T20 Winter 2026,2026-04-12,Round 1,Markhors,FIRST_INNINGS,6517a9c6-6f6f-47f0-9ea1-84855db85756,9203d329-3913-4514-a899-f44e5b7a1c03,SYED SAQIB HUSSAIN,6,1,OUT,0,4,,,0.0
2e5fc2a6,SACA Autumn Super Cricket T20 Winter 2026,2026-04-26,Round 3,Vikings ,FIRST_INNINGS,28f5ec24-e386-4b99-a846-dbd4037f4af1,0fd4b356-87f7-4433-b862-6e862b102617,Burhan Bootwala,1,2,OUT,0,3,,,0.0
2e5fc2a6,SACA Autumn Super Cricket T20 Winter 2026,2026-04-26,Round 3,Vikings ,FIRST_INNINGS,330e0c5a-20e5-4e77-a278-bbd5659be637,91a31629-0d68-4873-9fc9-ba114cbfc253,Jagjeet Singh,7,4,OUT,46,47,4.0,1.0,97.87
2e5fc2a6,SACA Autumn Super Cricket T20 Winter 2026,2026-04-26,Round 3,Vikings ,FIRST_INNINGS,10e3c6cb-7772-471a-892a-ecac5b649bef,f4a6c33e-24b3-41ee-a030-8b52cfbf4f7b,Mohammed Fakhri,3,3,OUT,0,1,,,0.0
2e5fc2a6,SACA Autumn Super Cricket T20 Winter 2026,2026-04-26,Round 3,Vikings ,FIRST_INNINGS,137e7c9b-abe9-4caf-9350-232de925dff9,2c0958fc-7888-4e27-9b20-422a479222c1,Pawan Singh,8,1,OUT,80,55,7.0,4.0,145.45
2e5fc2a6,SACA Autumn Super Cricket T20 Winter 2026,2026-04-26,Round 3,Vikings ,FIRST_INNINGS,1d75e76d-499f-4e91-970e-d5b2b391f980,e0523b4c-3294-4818-9ac4-bc4c8506374c,Pranil Saha,6,6,NOT_OUT,7,10,,,70.0
2e5fc2a6,SACA Autumn Super Cricket T20 Winter 2026,2026-04-26,Round 3,Vikings ,FIRST_INNINGS,f8a23bcb-c2a6-4c19-90ec-c513eb970ef6,1ef5386b-04f0-4192-9984-75524eefbf30,Qaidjohar Vapiwala,11,5,NOT_OUT,3,3,,,100.0
2e5fc2a6,SACA Autumn Super Cricket T20 Winter 2026,2026-04-26,Round 3,Southern Strikers,FIRST_INNINGS,924a0347-9afd-427e-9b93-3419fac6d03e,b199e83f-eb6e-451a-a5a1-bbef9fc15cbc,Akshay Bansod,1,8,OUT,1,3,,,33.33
2e5fc2a6,SACA Autumn Super Cricket T20 Winter 2026,2026-04-26,Round 3,Southern Strikers,FIRST_INNINGS,59e839c5-c8fc-4c47-9fe6-fd8a478e289e,ef3b5ad9-2e7b-4cc5-bbcf-49410da7c63d,Andrew Martini,5,4,OUT,11,9,,1.0,122.22
2e5fc2a6,SACA Autumn Super Cricket T20 Winter 2026,2026-04-26,Round 3,Southern Strikers,FIRST_INNINGS,0246aeee-de4b-42c3-8590-441a644bc0c6,ff650939-e949-4043-b485-81ec033e1c98,Arafath Jiffry,3,3,OUT,10,12,1.0,,83.33
2e5fc2a6,SACA Autumn Super Cricket T20 Winter 2026,2026-04-26,Round 3,Southern Strikers,FIRST_INNINGS,0c908d08-b341-4ae8-a72f-93078f1eed76,d6178b0f-01e9-45bd-bf78-aff878c86bac,Ashwin Umasankar,12,9,OUT,0,1,,,0.0
2e5fc2a6,SACA Autumn Super Cricket T20 Winter 2026,2026-04-26,Round 3,Southern Strikers,FIRST_INNINGS,4cbb096a-a82d-4755-b4ec-9e3d92c2c0bf,50c43607-524f-4e86-9f59-adc17b32c87a,austin dsouza,2,10,NOT_OUT,2,3,,,66.66
2e5fc2a6,SACA Autumn Super Cricket T20 Winter 2026,2026-04-26,Round 3,Southern Strikers,FIRST_INNINGS,5f074d08-ca8d-4c86-b40d-50afbe52adf6,10ab2da3-354f-4581-a81c-c483df50fc1a,Maneesh Nayak,7,7,OUT,1,6,,,16.66
2e5fc2a6,SACA Autumn Super Cricket T20 Winter 2026,2026-04-26,Round 3,Southern Strikers,FIRST_INNINGS,35699630-2f8e-4fbe-b482-e5edc0165b03,6b62ed67-6fda-49e2-85ec-2af9c45f407d,Muhammad Nawaz,6,2,OUT,2,5,,,40.0
2e5fc2a6,SACA Autumn Super Cricket T20 Winter 2026,2026-04-26,Round 3,Southern Strikers,FIRST_INNINGS,3c27cc30-72d1-443f-951f-64112148f221,2675ede3-e09d-429d-ac88-ebf8dd588970,Nitin Kataria,4,6,OUT,17,8,1.0,2.0,212.5
2e5fc2a6,SACA Autumn Super Cricket T20 Winter 2026,2026-04-26,Round 3,Southern Strikers,FIRST_INNINGS,9e0d50d6-9c07-467e-9dc4-ef89900b9031,85b005ed-8790-41a7-809e-d2636ffe78a1,Tashrif Rayhan,8,11,NOT_OUT,3,7,,,42.85
2e5fc2a6,SACA Autumn Super Cricket T20 Winter 2026,2026-04-26,Round 3,Southern Strikers,FIRST_INNINGS,2d491a51-bec8-4025-9b5b-6b1b0bd77f3d,5e3fc10c-4a3d-4c49-87a6-4e964891abc4,Varinder pal Singh,10,1,OUT,78,53,5.0,7.0,147.16
2e5fc2a6,SACA Autumn Super Cricket T20 Winter 2026,2026-04-26,Round 3,Southern Strikers,FIRST_INNINGS,c21ba782-16dc-4b62-b116-cb7e73ced70d,2295e670-2adc-48c8-b4c2-2a983e9389a7,Vipul Sharma,9,5,OUT,14,14,1.0,,100.0
89845187,SACA Autumn Super Cricket T20 Winter 2026,2026-05-03,Round 4,Southern Strikers,FIRST_INNINGS,924a0347-9afd-427e-9b93-3419fac6d03e,b199e83f-eb6e-451a-a5a1-bbef9fc15cbc,Akshay Bansod,2,7,OUT,5,5,1.0,,100.0
89845187,SACA Autumn Super Cricket T20 Winter 2026,2026-05-03,Round 4,Southern Strikers,FIRST_INNINGS,cb8418e7-91d1-528c-a6da-5da805886c6c,,Private player,9,2,OUT,11,13,,1.0,84.61
89845187,SACA Autumn Super Cricket T20 Winter 2026,2026-05-03,Round 4,Southern Strikers,FIRST_INNINGS,d764849d-7d7b-44f8-8498-131a75a30705,d3245a85-777c-488f-8a31-ff977ad434af,Kazi Ayman,1,3,OUT,15,15,3.0,,100.0
89845187,SACA Autumn Super Cricket T20 Winter 2026,2026-05-03,Round 4,Southern Strikers,FIRST_INNINGS,35699630-2f8e-4fbe-b482-e5edc0165b03,6b62ed67-6fda-49e2-85ec-2af9c45f407d,Muhammad Nawaz,8,5,OUT,43,23,3.0,4.0,186.95
89845187,SACA Autumn Super Cricket T20 Winter 2026,2026-05-03,Round 4,Southern Strikers,FIRST_INNINGS,d45bdd89-3d7f-4edd-ab6e-da95396390a5,749b0118-ccac-4edb-8fb5-f4a81ebbf427,Muktadirul Haq Khan,11,6,OUT,10,17,,,58.82
89845187,SACA Autumn Super Cricket T20 Winter 2026,2026-05-03,Round 4,Southern Strikers,FIRST_INNINGS,3c27cc30-72d1-443f-951f-64112148f221,2675ede3-e09d-429d-ac88-ebf8dd588970,Nitin Kataria,6,4,OUT,5,7,,,71.42
89845187,SACA Autumn Super Cricket T20 Winter 2026,2026-05-03,Round 4,Southern Strikers,FIRST_INNINGS,ae549d4c-d31a-4016-b7ad-c92dc517404c,eb4c5c3b-010f-4b15-9b05-b05301320762,Philip Mayes,7,9,NOT_OUT,4,3,,,133.33
89845187,SACA Autumn Super Cricket T20 Winter 2026,2026-05-03,Round 4,Southern Strikers,FIRST_INNINGS,7c4538d6-bba8-4240-b926-e76cb93b239b,5bea991f-816c-4495-aece-06dde379104a,PRIYAS SUTRA DHAR,10,1,OUT,31,34,3.0,,91.17
89845187,SACA Autumn Super Cricket T20 Winter 2026,2026-05-03,Round 4,Southern Strikers,FIRST_INNINGS,7a14b414-d4c0-4e45-b40a-aa3f40b7bafd,0bf1c30c-ae96-4ed8-b0c3-a6e212acf068,Varundeep Basur,3,8,OUT,3,4,,,75.0
89845187,SACA Autumn Super Cricket T20 Winter 2026,2026-05-03,Round 4,Adelaide Risers,FIRST_INNINGS,fabebbf0-65d1-4ba5-b2ee-5c131b1ba4b1,12c8cef8-94d1-492f-9e7d-40e3692a0c46,Kavan Udhas,9,7,NOT_OUT,9,10,1.0,,90.0
89845187,SACA Autumn Super Cricket T20 Winter 2026,2026-05-03,Round 4,Adelaide Risers,FIRST_INNINGS,9d7832c9-1a47-416f-8e44-d81eb2cf2e5d,6e2bc2be-da42-486b-a5e2-9a495d4c7c06,Mihir Patel,5,3,OUT,44,30,4.0,3.0,146.66
89845187,SACA Autumn Super Cricket T20 Winter 2026,2026-05-03,Round 4,Adelaide Risers,FIRST_INNINGS,4577a108-d24c-4951-9638-8cbb2c022cfc,be721b1a-d531-4d28-90c9-2e2264d6e9a4,Nishant Sharma,6,1,OUT,6,4,1.0,,150.0
89845187,SACA Autumn Super Cricket T20 Winter 2026,2026-05-03,Round 4,Adelaide Risers,FIRST_INNINGS,661f7ebf-e736-4651-a87b-fbf5344b89c8,9f86a818-1f2c-4549-9165-a246f3633da8,Shiv Yadav,12,4,NOT_OUT,26,25,2.0,1.0,104.0
89845187,SACA Autumn Super Cricket T20 Winter 2026,2026-05-03,Round 4,Adelaide Risers,FIRST_INNINGS,d976e7da-4353-4643-a10e-321472c7ba96,a83b5691-3fea-4bd0-b097-6ed95e40fcb5,Sufiyan Kadiyawala,3,5,OUT,2,9,,,22.22
89845187,SACA Autumn Super Cricket T20 Winter 2026,2026-05-03,Round 4,Adelaide Risers,FIRST_INNINGS,5f45cc08-361f-42e6-9b85-31bf3d95580c,6745bd42-a277-4dc6-b5eb-43d5f7ac9f1a,Varun Vaid,10,2,OUT,47,31,6.0,3.0,151.61
89845187,SACA Autumn Super Cricket T20 Winter 2026,2026-05-03,Round 4,Adelaide Risers,FIRST_INNINGS,01764eff-a86f-4507-86e7-1cfca1c3053e,fda7e6ff-db4b-47f7-ba9d-b06243228428,Vishesh Chaudhari,2,6,OUT,1,3,,,33.33
b00955a6,SACA Autumn Super Cricket T20 Winter 2026,2026-05-10,Round 5,Adelaide Warriors Cricket Club,FIRST_INNINGS,bafcb7b1-c716-4f8a-9d1d-d384ad0baedd,323eac85-a858-4cb9-950c-27ec90bfcec5,Don Asanka,2,2,NOT_OUT,24,17,3.0,1.0,141.17
b00955a6,SACA Autumn Super Cricket T20 Winter 2026,2026-05-10,Round 5,Adelaide Warriors Cricket Club,FIRST_INNINGS,cca920db-6b52-472e-97d9-285f7f7b1f8f,dfdbdcb8-c2af-41bb-9354-7d8241991ac9,Sukhjinder singh Kalsi,4,1,NOT_OUT,54,20,3.0,6.0,270.0
b00955a6,SACA Autumn Super Cricket T20 Winter 2026,2026-05-10,Round 5,Southern Strikers,FIRST_INNINGS,924a0347-9afd-427e-9b93-3419fac6d03e,b199e83f-eb6e-451a-a5a1-bbef9fc15cbc,Akshay Bansod,2,5,OUT,1,6,,,16.66
b00955a6,SACA Autumn Super Cricket T20 Winter 2026,2026-05-10,Round 5,Southern Strikers,FIRST_INNINGS,59e839c5-c8fc-4c47-9fe6-fd8a478e289e,ef3b5ad9-2e7b-4cc5-bbcf-49410da7c63d,Andrew Martini,6,3,OUT,17,14,2.0,1.0,121.42
b00955a6,SACA Autumn Super Cricket T20 Winter 2026,2026-05-10,Round 5,Southern Strikers,FIRST_INNINGS,0246aeee-de4b-42c3-8590-441a644bc0c6,ff650939-e949-4043-b485-81ec033e1c98,Arafath Jiffry,3,9,OUT,11,11,2.0,,100.0
b00955a6,SACA Autumn Super Cricket T20 Winter 2026,2026-05-10,Round 5,Southern Strikers,FIRST_INNINGS,abf6bfbe-b094-407f-9f52-b76d58bbaef1,d1242cbd-5428-468e-9783-557114d5e2c9,Ashel Parris,9,11,NOT_OUT,0,0,,,
b00955a6,SACA Autumn Super Cricket T20 Winter 2026,2026-05-10,Round 5,Southern Strikers,FIRST_INNINGS,5f074d08-ca8d-4c86-b40d-50afbe52adf6,10ab2da3-354f-4581-a81c-c483df50fc1a,Maneesh Nayak,8,8,OUT,10,22,1.0,,45.45
b00955a6,SACA Autumn Super Cricket T20 Winter 2026,2026-05-10,Round 5,Southern Strikers,FIRST_INNINGS,35699630-2f8e-4fbe-b482-e5edc0165b03,6b62ed67-6fda-49e2-85ec-2af9c45f407d,Muhammad Nawaz,7,6,OUT,7,9,1.0,,77.77
b00955a6,SACA Autumn Super Cricket T20 Winter 2026,2026-05-10,Round 5,Southern Strikers,FIRST_INNINGS,3c27cc30-72d1-443f-951f-64112148f221,2675ede3-e09d-429d-ac88-ebf8dd588970,Nitin Kataria,5,1,OUT,0,6,,,0.0
b00955a6,SACA Autumn Super Cricket T20 Winter 2026,2026-05-10,Round 5,Southern Strikers,FIRST_INNINGS,7c4538d6-bba8-4240-b926-e76cb93b239b,5bea991f-816c-4495-aece-06dde379104a,PRIYAS SUTRA DHAR,11,10,OUT,1,3,,,33.33
b00955a6,SACA Autumn Super Cricket T20 Winter 2026,2026-05-10,Round 5,Southern Strikers,FIRST_INNINGS,1c4c818f-fe08-4a4c-94d7-144d53869682,f1289e93-e7e9-4427-9676-c6a936842527,Raman Kahlon,4,7,OUT,1,4,,,25.0
b00955a6,SACA Autumn Super Cricket T20 Winter 2026,2026-05-10,Round 5,Southern Strikers,FIRST_INNINGS,48dd2c89-21ad-4763-8675-c111e1bf62ca,51fe4380-2721-4f57-90c0-5d06ef4aa755,Shane Bakridi,1,2,OUT,9,16,1.0,,56.25
b00955a6,SACA Autumn Super Cricket T20 Winter 2026,2026-05-10,Round 5,Southern Strikers,FIRST_INNINGS,2d491a51-bec8-4025-9b5b-6b1b0bd77f3d,5e3fc10c-4a3d-4c49-87a6-4e964891abc4,Varinder pal Singh,10,4,OUT,12,5,1.0,1.0,240.0
5164fe03,SACA Autumn Super Cricket T20 Winter 2026,2026-05-17,Round 6,Adelaide Aryans CC - Theta,FIRST_INNINGS,bd214b9f-583c-487e-8c3b-7c78a58ce80a,35b3c2a7-3fe1-48f4-a6f4-01ea2277c3be,Aarsh Sontakke,7,6,OUT,4,9,,,44.44
5164fe03,SACA Autumn Super Cricket T20 Winter 2026,2026-05-17,Round 6,Adelaide Aryans CC - Theta,FIRST_INNINGS,3600a739-3978-4d0a-a5ef-a9e2593c6995,2018a670-e544-438b-94b9-df2bb97cc82c,Amritpal Virk,6,2,OUT,3,9,,,33.33
5164fe03,SACA Autumn Super Cricket T20 Winter 2026,2026-05-17,Round 6,Adelaide Aryans CC - Theta,FIRST_INNINGS,8d4088d8-35a6-4ec1-913d-4405834063b8,b69d4b03-e7b2-4ce7-b6df-28f34c3f3732,Armaan Singh Khaira,8,8,OUT,0,3,,,0.0
5164fe03,SACA Autumn Super Cricket T20 Winter 2026,2026-05-17,Round 6,Adelaide Aryans CC - Theta,FIRST_INNINGS,80e1b740-2800-40de-91dd-6a820befd64d,6474be3e-a19a-4a12-9f84-7032119e8e1b,Dhaval Dave,4,4,OUT,1,7,,,14.28
5164fe03,SACA Autumn Super Cricket T20 Winter 2026,2026-05-17,Round 6,Adelaide Aryans CC - Theta,FIRST_INNINGS,dba590fa-3a86-415a-ab28-bdcc90219f82,441ff15d-694f-4229-89ee-245a458f25f3,Didar Virk,5,7,OUT,34,26,1.0,3.0,130.76
5164fe03,SACA Autumn Super Cricket T20 Winter 2026,2026-05-17,Round 6,Adelaide Aryans CC - Theta,FIRST_INNINGS,6e174fe6-cfb7-485b-9c77-1ad419d5acdd,e546c591-54dc-4f40-ab20-3b5f26f154dd,Gurleen Singh Dhillon,9,10,NOT_OUT,2,7,,,28.57
5164fe03,SACA Autumn Super Cricket T20 Winter 2026,2026-05-17,Round 6,Adelaide Aryans CC - Theta,FIRST_INNINGS,f93993e8-5402-4991-b151-fa4ba07d9b19,16b76863-d310-4ed6-98f3-5cfc46f2bb71,Jashanjot Singh,10,1,OUT,37,30,4.0,2.0,123.33
5164fe03,SACA Autumn Super Cricket T20 Winter 2026,2026-05-17,Round 6,Adelaide Aryans CC - Theta,FIRST_INNINGS,45b55a00-07d6-47f4-8826-2fe0e1d5532c,79dc88f9-b028-4624-a347-c05a1950f507,Keshav Balachander,1,11,NOT_OUT,2,2,,,100.0
5164fe03,SACA Autumn Super Cricket T20 Winter 2026,2026-05-17,Round 6,Adelaide Aryans CC - Theta,FIRST_INNINGS,8474401f-6046-4094-a4c4-cedc739f92ab,05a9ad56-e649-441d-bb42-9aac64453301,Sameer Bhayana,3,9,OUT,10,12,,1.0,83.33
5164fe03,SACA Autumn Super Cricket T20 Winter 2026,2026-05-17,Round 6,Adelaide Aryans CC - Theta,FIRST_INNINGS,4993bc99-ab49-4b6e-bee3-ebd1ea811039,44e202ff-87c3-4973-aa8f-6108dbafb53c,Tanishq Mor,11,3,OUT,18,7,1.0,2.0,257.14
5164fe03,SACA Autumn Super Cricket T20 Winter 2026,2026-05-17,Round 6,Adelaide Aryans CC - Theta,FIRST_INNINGS,0f735b01-0224-4fe0-9321-bfd2c210d646,1b7d0f85-25db-4f2c-a9eb-dc6ca4f1134c,Tharan Balachander,2,5,OUT,3,8,,,37.5
5164fe03,SACA Autumn Super Cricket T20 Winter 2026,2026-05-17,Round 6,Southern Strikers,FIRST_INNINGS,eca1575e-64ed-5abd-a602-ebcf3f1fe758,,Fill-in,11,7,OUT,4,16,,,25.0
5164fe03,SACA Autumn Super Cricket T20 Winter 2026,2026-05-17,Round 6,Southern Strikers,FIRST_INNINGS,924a0347-9afd-427e-9b93-3419fac6d03e,b199e83f-eb6e-451a-a5a1-bbef9fc15cbc,Akshay Bansod,1,9,NOT_OUT,12,10,1.0,,120.0
5164fe03,SACA Autumn Super Cricket T20 Winter 2026,2026-05-17,Round 6,Southern Strikers,FIRST_INNINGS,0246aeee-de4b-42c3-8590-441a644bc0c6,ff650939-e949-4043-b485-81ec033e1c98,Arafath Jiffry,2,1,OUT,24,31,4.0,,77.41
5164fe03,SACA Autumn Super Cricket T20 Winter 2026,2026-05-17,Round 6,Southern Strikers,FIRST_INNINGS,0c908d08-b341-4ae8-a72f-93078f1eed76,d6178b0f-01e9-45bd-bf78-aff878c86bac,Ashwin Umasankar,9,2,OUT,0,1,,,0.0
5164fe03,SACA Autumn Super Cricket T20 Winter 2026,2026-05-17,Round 6,Southern Strikers,FIRST_INNINGS,5f074d08-ca8d-4c86-b40d-50afbe52adf6,10ab2da3-354f-4581-a81c-c483df50fc1a,Maneesh Nayak,6,8,OUT,3,6,,,50.0
5164fe03,SACA Autumn Super Cricket T20 Winter 2026,2026-05-17,Round 6,Southern Strikers,FIRST_INNINGS,35699630-2f8e-4fbe-b482-e5edc0165b03,6b62ed67-6fda-49e2-85ec-2af9c45f407d,Muhammad Nawaz,5,6,OUT,0,1,,,0.0
5164fe03,SACA Autumn Super Cricket T20 Winter 2026,2026-05-17,Round 6,Southern Strikers,FIRST_INNINGS,d45bdd89-3d7f-4edd-ab6e-da95396390a5,749b0118-ccac-4edb-8fb5-f4a81ebbf427,Muktadirul Haq Khan,4,10,OUT,0,1,,,0.0
5164fe03,SACA Autumn Super Cricket T20 Winter 2026,2026-05-17,Round 6,Southern Strikers,FIRST_INNINGS,3c27cc30-72d1-443f-951f-64112148f221,2675ede3-e09d-429d-ac88-ebf8dd588970,Nitin Kataria,3,5,OUT,14,15,,1.0,93.33
5164fe03,SACA Autumn Super Cricket T20 Winter 2026,2026-05-17,Round 6,Southern Strikers,FIRST_INNINGS,36a41e16-2680-4e18-bf6e-59adf319551e,b9a601e4-a795-4f3b-9707-cb6ec057516d,Ovais Khan,10,3,OUT,0,6,,,0.0
5164fe03,SACA Autumn Super Cricket T20 Winter 2026,2026-05-17,Round 6,Southern Strikers,FIRST_INNINGS,9e0d50d6-9c07-467e-9dc4-ef89900b9031,85b005ed-8790-41a7-809e-d2636ffe78a1,Tashrif Rayhan,7,11,OUT,10,13,,1.0,76.92
5164fe03,SACA Autumn Super Cricket T20 Winter 2026,2026-05-17,Round 6,Southern Strikers,FIRST_INNINGS,2d491a51-bec8-4025-9b5b-6b1b0bd77f3d,5e3fc10c-4a3d-4c49-87a6-4e964891abc4,Varinder pal Singh,8,4,OUT,1,4,,,25.0
