game_id,competition,date,round_name,innings,batter_player_id,batter_team_id,dismissal_type,bowler_player_id,fielder_player_id
1cac43d7,PASA Multicultural T20 Winter 2026,2026-04-11,Round 1,FIRST_INNINGS,bb45ed7b-22e1-4d5d-9802-3bf59a767c34,dd4aac8a-7d52-4914-bf4f-2306a8e34577,BOWLED,9c7e17b1-ef77-4f0e-a33d-3d0dcf1274a4,
1cac43d7,PASA Multicultural T20 Winter 2026,2026-04-11,Round 1,FIRST_INNINGS,2c23fc93-da14-42d0-a76e-b99ff724f23c,dd4aac8a-7d52-4914-bf4f-2306a8e34577,BOWLED,24264573-910b-4ae5-9f41-fe226a93bae8,
1cac43d7,PASA Multicultural T20 Winter 2026,2026-04-11,Round 1,FIRST_INNINGS,a0656c02-3c9f-5d37-be7d-f67067f38815,dd4aac8a-7d52-4914-bf4f-2306a8e34577,CAUGHT,9c7e17b1-ef77-4f0e-a33d-3d0dcf1274a4,66cd6aae-b005-4cf6-af2a-9f61ba48e12e
1cac43d7,PASA Multicultural T20 Winter 2026,2026-04-11,Round 1,FIRST_INNINGS,d1acc3f4-9764-41c7-a354-3044eb8a4955,dd4aac8a-7d52-4914-bf4f-2306a8e34577,BOWLED,24264573-910b-4ae5-9f41-fe226a93bae8,
1cac43d7,PASA Multicultural T20 Winter 2026,2026-04-11,Round 1,FIRST_INNINGS,10cc8bad-81a8-4211-83da-285ad5396f6b,dd4aac8a-7d52-4914-bf4f-2306a8e34577,LEG_BEFORE_WICKET,9c7e17b1-ef77-4f0e-a33d-3d0dcf1274a4,
1cac43d7,PASA Multicultural T20 Winter 2026,2026-04-11,Round 1,FIRST_INNINGS,02f899c1-4a29-4e8d-9d30-0fe8773e2d04,dd4aac8a-7d52-4914-bf4f-2306a8e34577,BOWLED,9bf400db-2ab2-41d7-a85a-ae95553beb97,
1cac43d7,PASA Multicultural T20 Winter 2026,2026-04-11,Round 1,FIRST_INNINGS,e3a54e48-3643-48b9-86d9-33c56f6cee80,dd4aac8a-7d52-4914-bf4f-2306a8e34577,CAUGHT,d5361c7a-5750-4cee-b7c2-a28148922051,5bcb3e97-5250-46ca-895c-02c23cbcef62
1cac43d7,PASA Multicultural T20 Winter 2026,2026-04-11,Round 1,FIRST_INNINGS,82c11045-d8e4-4d19-87f4-caedefa8bceb,dd4aac8a-7d52-4914-bf4f-2306a8e34577,CAUGHT,d5361c7a-5750-4cee-b7c2-a28148922051,dec65cf7-8a96-4a2c-9374-212906390d6e
1cac43d7,PASA Multicultural T20 Winter 2026,2026-04-11,Round 1,FIRST_INNINGS,cb775242-8433-4584-9e27-5b98777a57c6,dd4aac8a-7d52-4914-bf4f-2306a8e34577,CAUGHT,a4acedbe-2177-49b4-b057-de68f050a606,66cd6aae-b005-4cf6-af2a-9f61ba48e12e
1cac43d7,PASA Multicultural T20 Winter 2026,2026-04-11,Round 1,FIRST_INNINGS,4086fe0a-e52e-55ff-ae2f-418756d579f6,dd4aac8a-7d52-4914-bf4f-2306a8e34577,CAUGHT,9bf400db-2ab2-41d7-a85a-ae95553beb97,d5361c7a-5750-4cee-b7c2-a28148922051
ba62857f,PASA Multicultural T20 Winter 2026,2026-04-25,Round 2,FIRST_INNINGS,43bc8536-ed00-4d39-9363-9c6ff5a9c295,dc179f6d-4f31-4de2-b668-d8e3cbdad024,CAUGHT,9bf400db-2ab2-41d7-a85a-ae95553beb97,9c7e17b1-ef77-4f0e-a33d-3d0dcf1274a4
ba62857f,PASA Multicultural T20 Winter 2026,2026-04-25,Round 2,FIRST_INNINGS,9f54c31b-fcb5-4c9c-9770-6b51ea848a8e,dc179f6d-4f31-4de2-b668-d8e3cbdad024,CAUGHT,9bf400db-2ab2-41d7-a85a-ae95553beb97,cafae226-6214-4f48-87d4-13649f021352
ba62857f,PASA Multicultural T20 Winter 2026,2026-04-25,Round 2,FIRST_INNINGS,ec255bd5-b83b-43f6-b70e-5cd3aadf909d,dc179f6d-4f31-4de2-b668-d8e3cbdad024,BOWLED,a4acedbe-2177-49b4-b057-de68f050a606,
ba62857f,PASA Multicultural T20 Winter 2026,2026-04-25,Round 2,FIRST_INNINGS,6d0edcdf-62be-4e07-bda9-84c36a40c237,dc179f6d-4f31-4de2-b668-d8e3cbdad024,CAUGHT,3c36170b-0098-5ce9-85b2-3aec7ef1976f,cafae226-6214-4f48-87d4-13649f021352
ba62857f,PASA Multicultural T20 Winter 2026,2026-04-25,Round 2,FIRST_INNINGS,53ed8f4b-5ec8-4777-8848-ec389c562ea4,dc179f6d-4f31-4de2-b668-d8e3cbdad024,BOWLED,a4acedbe-2177-49b4-b057-de68f050a606,
ba62857f,PASA Multicultural T20 Winter 2026,2026-04-25,Round 2,FIRST_INNINGS,2a2afb09-a119-56ee-ba9c-9580ebf02869,dc179f6d-4f31-4de2-b668-d8e3cbdad024,CAUGHT,a4acedbe-2177-49b4-b057-de68f050a606,3c36170b-0098-5ce9-85b2-3aec7ef1976f
ba62857f,PASA Multicultural T20 Winter 2026,2026-04-25,Round 2,FIRST_INNINGS,9cc1ffdc-c693-463f-8467-0fc516aeca0d,dc179f6d-4f31-4de2-b668-d8e3cbdad024,BOWLED,d5361c7a-5750-4cee-b7c2-a28148922051,
ba62857f,PASA Multicultural T20 Winter 2026,2026-04-25,Round 2,FIRST_INNINGS,24264573-910b-4ae5-9f41-fe226a93bae8,33d20e37-1588-4298-8505-289fdff085f7,CAUGHT,9f54c31b-fcb5-4c9c-9770-6b51ea848a8e,43bc8536-ed00-4d39-9363-9c6ff5a9c295
ba62857f,PASA Multicultural T20 Winter 2026,2026-04-25,Round 2,FIRST_INNINGS,7b9bed40-d875-4fcd-bfe8-57483096284a,33d20e37-1588-4298-8505-289fdff085f7,CAUGHT,43bc8536-ed00-4d39-9363-9c6ff5a9c295,78d861ea-baca-4d8c-b03b-6f446b61a2d4
ba62857f,PASA Multicultural T20 Winter 2026,2026-04-25,Round 2,FIRST_INNINGS,9bf400db-2ab2-41d7-a85a-ae95553beb97,33d20e37-1588-4298-8505-289fdff085f7,CAUGHT,43bc8536-ed00-4d39-9363-9c6ff5a9c295,b95cd63f-340e-56ef-b7b7-16b5b2c78be4
ba62857f,PASA Multicultural T20 Winter 2026,2026-04-25,Round 2,FIRST_INNINGS,cafae226-6214-4f48-87d4-13649f021352,33d20e37-1588-4298-8505-289fdff085f7,CAUGHT,78d861ea-baca-4d8c-b03b-6f446b61a2d4,43bc8536-ed00-4d39-9363-9c6ff5a9c295
ba62857f,PASA Multicultural T20 Winter 2026,2026-04-25,Round 2,FIRST_INNINGS,d5361c7a-5750-4cee-b7c2-a28148922051,33d20e37-1588-4298-8505-289fdff085f7,CAUGHT,c5c91cfe-727c-5c20-90d4-e4e66f19089b,2a2afb09-a119-56ee-ba9c-9580ebf02869
ba62857f,PASA Multicultural T20 Winter 2026,2026-04-25,Round 2,FIRST_INNINGS,a4acedbe-2177-49b4-b057-de68f050a606,33d20e37-1588-4298-8505-289fdff085f7,CAUGHT,c5c91cfe-727c-5c20-90d4-e4e66f19089b,53ed8f4b-5ec8-4777-8848-ec389c562ea4
ba62857f,PASA Multicultural T20 Winter 2026,2026-04-25,Round 2,FIRST_INNINGS,9c7e17b1-ef77-4f0e-a33d-3d0dcf1274a4,33d20e37-1588-4298-8505-289fdff085f7,LEG_BEFORE_WICKET,9f54c31b-fcb5-4c9c-9770-6b51ea848a8e,
ba62857f,PASA Multicultural T20 Winter 2026,2026-04-25,Round 2,FIRST_INNINGS,237f1871-1e84-5d6c-ba97-76ac4c2c4a74,33d20e37-1588-4298-8505-289fdff085f7,BOWLED,9f54c31b-fcb5-4c9c-9770-6b51ea848a8e,
ba62857f,PASA Multicultural T20 Winter 2026,2026-04-25,Round 2,FIRST_INNINGS,3c36170b-0098-5ce9-85b2-3aec7ef1976f,33d20e37-1588-4298-8505-289fdff085f7,CAUGHT,9f54c31b-fcb5-4c9c-9770-6b51ea848a8e,53ed8f4b-5ec8-4777-8848-ec389c562ea4
ba62857f,PASA Multicultural T20 Winter 2026,2026-04-25,Round 2,FIRST_INNINGS,dec65cf7-8a96-4a2c-9374-212906390d6e,33d20e37-1588-4298-8505-289fdff085f7,CAUGHT,43bc8536-ed00-4d39-9363-9c6ff5a9c295,53ed8f4b-5ec8-4777-8848-ec389c562ea4
2ded75f6,PASA Multicultural T20 Winter 2026,2026-05-09,Round 4,FIRST_INNINGS,24264573-910b-4ae5-9f41-fe226a93bae8,33d20e37-1588-4298-8505-289fdff085f7,CAUGHT,96f5f8da-572d-4e6b-8c4f-cc55456b223f,e568af53-98c6-4663-a286-13c91c09b921
2ded75f6,PASA Multicultural T20 Winter 2026,2026-05-09,Round 4,FIRST_INNINGS,cafae226-6214-4f48-87d4-13649f021352,33d20e37-1588-4298-8505-289fdff085f7,CAUGHT,e149b3d4-3535-4633-b3b2-75d7cbd5cd4b,
2ded75f6,PASA Multicultural T20 Winter 2026,2026-05-09,Round 4,FIRST_INNINGS,ed11e44e-3a3a-4797-b028-77ca343406de,33d20e37-1588-4298-8505-289fdff085f7,CAUGHT,e149b3d4-3535-4633-b3b2-75d7cbd5cd4b,536742d5-748b-45df-9e4f-e6961286dda3
2ded75f6,PASA Multicultural T20 Winter 2026,2026-05-09,Round 4,FIRST_INNINGS,9bf400db-2ab2-41d7-a85a-ae95553beb97,33d20e37-1588-4298-8505-289fdff085f7,STUMPED,146098e4-8c64-4326-8ec3-389497159bb4,6c399b82-ede7-4f1f-a8f2-304de74ae662
2ded75f6,PASA Multicultural T20 Winter 2026,2026-05-09,Round 4,FIRST_INNINGS,9c7e17b1-ef77-4f0e-a33d-3d0dcf1274a4,33d20e37-1588-4298-8505-289fdff085f7,CAUGHT,6c399b82-ede7-4f1f-a8f2-304de74ae662,146098e4-8c64-4326-8ec3-389497159bb4
2ded75f6,PASA Multicultural T20 Winter 2026,2026-05-09,Round 4,FIRST_INNINGS,51b04930-b247-4c1f-ad0b-c52ea2590135,33d20e37-1588-4298-8505-289fdff085f7,CAUGHT,6c399b82-ede7-4f1f-a8f2-304de74ae662,3911e588-e4b9-59ac-a1a7-67d4ac5ba2bd
2ded75f6,PASA Multicultural T20 Winter 2026,2026-05-09,Round 4,FIRST_INNINGS,dec65cf7-8a96-4a2c-9374-212906390d6e,33d20e37-1588-4298-8505-289fdff085f7,RUN_OUT,,
2ded75f6,PASA Multicultural T20 Winter 2026,2026-05-09,Round 4,FIRST_INNINGS,146098e4-8c64-4326-8ec3-389497159bb4,83d1c943-15ce-4c29-862e-390b86756f87,CAUGHT,327e9a6f-6185-4b3a-8cda-6c82459bec42,9bf400db-2ab2-41d7-a85a-ae95553beb97
151761b7,PASA Multicultural T20 Winter 2026,2026-05-23,Round 5,FIRST_INNINGS,d5361c7a-5750-4cee-b7c2-a28148922051,33d20e37-1588-4298-8505-289fdff085f7,CAUGHT,cf744fdd-bb90-46be-b57f-fe01303afb2e,d0a08890-a45c-4ee9-afa4-4277a41db6d3
151761b7,PASA Multicultural T20 Winter 2026,2026-05-23,Round 5,FIRST_INNINGS,9bf400db-2ab2-41d7-a85a-ae95553beb97,33d20e37-1588-4298-8505-289fdff085f7,CAUGHT,1905936c-cfb0-4fe1-9607-9b7effc262fd,1905936c-cfb0-4fe1-9607-9b7effc262fd
151761b7,PASA Multicultural T20 Winter 2026,2026-05-23,Round 5,FIRST_INNINGS,66cd6aae-b005-4cf6-af2a-9f61ba48e12e,33d20e37-1588-4298-8505-289fdff085f7,CAUGHT,5b4c59b4-c7e4-4f74-b320-c3dda45abdd7,d0a08890-a45c-4ee9-afa4-4277a41db6d3
151761b7,PASA Multicultural T20 Winter 2026,2026-05-23,Round 5,FIRST_INNINGS,24264573-910b-4ae5-9f41-fe226a93bae8,33d20e37-1588-4298-8505-289fdff085f7,LEG_BEFORE_WICKET,9bfd11d1-d518-489c-aaad-e727693b4d89,
151761b7,PASA Multicultural T20 Winter 2026,2026-05-23,Round 5,FIRST_INNINGS,afa13680-c063-4d05-a69a-6a9da8eabd0f,33d20e37-1588-4298-8505-289fdff085f7,BOWLED,462ef814-b6d4-44e6-8fb4-cf222a2b0542,
151761b7,PASA Multicultural T20 Winter 2026,2026-05-23,Round 5,FIRST_INNINGS,dec65cf7-8a96-4a2c-9374-212906390d6e,33d20e37-1588-4298-8505-289fdff085f7,LEG_BEFORE_WICKET,462ef814-b6d4-44e6-8fb4-cf222a2b0542,
151761b7,PASA Multicultural T20 Winter 2026,2026-05-23,Round 5,FIRST_INNINGS,5bcb3e97-5250-46ca-895c-02c23cbcef62,33d20e37-1588-4298-8505-289fdff085f7,CAUGHT,209f8c63-f798-45ac-ad04-85e5d10cf144,5b4c59b4-c7e4-4f74-b320-c3dda45abdd7
151761b7,PASA Multicultural T20 Winter 2026,2026-05-23,Round 5,FIRST_INNINGS,a4acedbe-2177-49b4-b057-de68f050a606,33d20e37-1588-4298-8505-289fdff085f7,BOWLED,5b4c59b4-c7e4-4f74-b320-c3dda45abdd7,
151761b7,PASA Multicultural T20 Winter 2026,2026-05-23,Round 5,FIRST_INNINGS,462ef814-b6d4-44e6-8fb4-cf222a2b0542,5985b01c-09b2-4fd6-b3d1-1d97d515c14a,CAUGHT,9c7e17b1-ef77-4f0e-a33d-3d0dcf1274a4,00e84721-92f7-4c7a-bf26-ba7481b8b292
151761b7,PASA Multicultural T20 Winter 2026,2026-05-23,Round 5,FIRST_INNINGS,a371e182-b7f0-4324-82c6-1737753fa0d1,5985b01c-09b2-4fd6-b3d1-1d97d515c14a,CAUGHT,00e84721-92f7-4c7a-bf26-ba7481b8b292,9bf400db-2ab2-41d7-a85a-ae95553beb97
151761b7,PASA Multicultural T20 Winter 2026,2026-05-23,Round 5,FIRST_INNINGS,209f8c63-f798-45ac-ad04-85e5d10cf144,5985b01c-09b2-4fd6-b3d1-1d97d515c14a,CAUGHT,cafae226-6214-4f48-87d4-13649f021352,4ad8c9f5-2cb6-443f-9aae-610b1edaecb1
151761b7,PASA Multicultural T20 Winter 2026,2026-05-23,Round 5,FIRST_INNINGS,1e7a4a03-fb3e-4676-8c5d-a0ce2af87b77,5985b01c-09b2-4fd6-b3d1-1d97d515c14a,BOWLED,cafae226-6214-4f48-87d4-13649f021352,
151761b7,PASA Multicultural T20 Winter 2026,2026-05-23,Round 5,FIRST_INNINGS,5b4c59b4-c7e4-4f74-b320-c3dda45abdd7,5985b01c-09b2-4fd6-b3d1-1d97d515c14a,LEG_BEFORE_WICKET,afa13680-c063-4d05-a69a-6a9da8eabd0f,
151761b7,PASA Multicultural T20 Winter 2026,2026-05-23,Round 5,FIRST_INNINGS,9bfd11d1-d518-489c-aaad-e727693b4d89,5985b01c-09b2-4fd6-b3d1-1d97d515c14a,LEG_BEFORE_WICKET,afa13680-c063-4d05-a69a-6a9da8eabd0f,
151761b7,PASA Multicultural T20 Winter 2026,2026-05-23,Round 5,FIRST_INNINGS,2ba921ed-aeed-4094-b579-0f1df9fde8ba,5985b01c-09b2-4fd6-b3d1-1d97d515c14a,CAUGHT,4ad8c9f5-2cb6-443f-9aae-610b1edaecb1,a4acedbe-2177-49b4-b057-de68f050a606
151761b7,PASA Multicultural T20 Winter 2026,2026-05-23,Round 5,FIRST_INNINGS,1905936c-cfb0-4fe1-9607-9b7effc262fd,5985b01c-09b2-4fd6-b3d1-1d97d515c14a,CAUGHT,5bcb3e97-5250-46ca-895c-02c23cbcef62,afa13680-c063-4d05-a69a-6a9da8eabd0f
151761b7,PASA Multicultural T20 Winter 2026,2026-05-23,Round 5,FIRST_INNINGS,cf744fdd-bb90-46be-b57f-fe01303afb2e,5985b01c-09b2-4fd6-b3d1-1d97d515c14a,CAUGHT,cafae226-6214-4f48-87d4-13649f021352,a4acedbe-2177-49b4-b057-de68f050a606
151761b7,PASA Multicultural T20 Winter 2026,2026-05-23,Round 5,FIRST_INNINGS,539a091c-11b7-485b-8ad6-735c7f2e72c9,5985b01c-09b2-4fd6-b3d1-1d97d515c14a,STUMPED,d5361c7a-5750-4cee-b7c2-a28148922051,dec65cf7-8a96-4a2c-9374-212906390d6e
07bb9fb5,PASA Multicultural T20 Winter 2026,2026-08-15,Round 6,FIRST_INNINGS,cafae226-6214-4f48-87d4-13649f021352,33d20e37-1588-4298-8505-289fdff085f7,CAUGHT,0145cd0a-fddc-4de6-9170-43c0ea015acc,20d07e42-ac10-4259-b817-60160d5fe02e
07bb9fb5,PASA Multicultural T20 Winter 2026,2026-08-15,Round 6,FIRST_INNINGS,ed11e44e-3a3a-4797-b028-77ca343406de,33d20e37-1588-4298-8505-289fdff085f7,RUN_OUT,,dbe57674-badd-488f-bd1f-c8be358e7703
07bb9fb5,PASA Multicultural T20 Winter 2026,2026-08-15,Round 6,FIRST_INNINGS,9bf400db-2ab2-41d7-a85a-ae95553beb97,33d20e37-1588-4298-8505-289fdff085f7,CAUGHT,6dac630e-d81e-44ee-aef6-e5be1e3d6f96,cafa2a75-92b1-42b9-846b-67bbd8b032e3
07bb9fb5,PASA Multicultural T20 Winter 2026,2026-08-15,Round 6,FIRST_INNINGS,4ad8c9f5-2cb6-443f-9aae-610b1edaecb1,33d20e37-1588-4298-8505-289fdff085f7,CAUGHT,cafa2a75-92b1-42b9-846b-67bbd8b032e3,dbe57674-badd-488f-bd1f-c8be358e7703
07bb9fb5,PASA Multicultural T20 Winter 2026,2026-08-15,Round 6,FIRST_INNINGS,676f1b87-a175-44b1-a9bb-73f33f54c5f4,33d20e37-1588-4298-8505-289fdff085f7,CAUGHT,cafa2a75-92b1-42b9-846b-67bbd8b032e3,0145cd0a-fddc-4de6-9170-43c0ea015acc
07bb9fb5,PASA Multicultural T20 Winter 2026,2026-08-15,Round 6,FIRST_INNINGS,9c7e17b1-ef77-4f0e-a33d-3d0dcf1274a4,33d20e37-1588-4298-8505-289fdff085f7,BOWLED,99df9d11-d859-45be-a9a4-73d86d3d3581,
07bb9fb5,PASA Multicultural T20 Winter 2026,2026-08-15,Round 6,FIRST_INNINGS,a4acedbe-2177-49b4-b057-de68f050a606,33d20e37-1588-4298-8505-289fdff085f7,BOWLED,4f5d92dc-1725-4957-a550-6f8718310c47,
07bb9fb5,PASA Multicultural T20 Winter 2026,2026-08-15,Round 6,FIRST_INNINGS,0145cd0a-fddc-4de6-9170-43c0ea015acc,f8fefefa-cca3-44e4-a17b-8901ccef5193,CAUGHT,a4acedbe-2177-49b4-b057-de68f050a606,dec65cf7-8a96-4a2c-9374-212906390d6e
07bb9fb5,PASA Multicultural T20 Winter 2026,2026-08-15,Round 6,FIRST_INNINGS,cafa2a75-92b1-42b9-846b-67bbd8b032e3,f8fefefa-cca3-44e4-a17b-8901ccef5193,CAUGHT,6cb642e2-ab3e-4e5a-8113-4a99408f528b,676f1b87-a175-44b1-a9bb-73f33f54c5f4
c1334814,PASA Multicultural T20 Winter 2026,2026-06-06,Round 7,FIRST_INNINGS,9bf400db-2ab2-41d7-a85a-ae95553beb97,33d20e37-1588-4298-8505-289fdff085f7,CAUGHT,f1484313-9115-58dc-be27-7659137e8d25,1dfefbe3-7aac-41f3-83b2-53ee734ee9cc
c1334814,PASA Multicultural T20 Winter 2026,2026-06-06,Round 7,FIRST_INNINGS,51b04930-b247-4c1f-ad0b-c52ea2590135,33d20e37-1588-4298-8505-289fdff085f7,CAUGHT,d1a81d90-4cad-4b74-b151-665629077623,1dfefbe3-7aac-41f3-83b2-53ee734ee9cc
c1334814,PASA Multicultural T20 Winter 2026,2026-06-06,Round 7,FIRST_INNINGS,a4acedbe-2177-49b4-b057-de68f050a606,33d20e37-1588-4298-8505-289fdff085f7,CAUGHT,d1a81d90-4cad-4b74-b151-665629077623,85ee0038-c36b-4c15-9112-01ab4d5869a2
c1334814,PASA Multicultural T20 Winter 2026,2026-06-06,Round 7,FIRST_INNINGS,dec65cf7-8a96-4a2c-9374-212906390d6e,33d20e37-1588-4298-8505-289fdff085f7,CAUGHT,8ec3578e-f406-4d8c-a3dc-aaea99ae8ae2,1dfefbe3-7aac-41f3-83b2-53ee734ee9cc
c1334814,PASA Multicultural T20 Winter 2026,2026-06-06,Round 7,FIRST_INNINGS,24264573-910b-4ae5-9f41-fe226a93bae8,33d20e37-1588-4298-8505-289fdff085f7,CAUGHT,8ec3578e-f406-4d8c-a3dc-aaea99ae8ae2,85ee0038-c36b-4c15-9112-01ab4d5869a2
c1334814,PASA Multicultural T20 Winter 2026,2026-06-06,Round 7,FIRST_INNINGS,d5361c7a-5750-4cee-b7c2-a28148922051,33d20e37-1588-4298-8505-289fdff085f7,CAUGHT,f1484313-9115-58dc-be27-7659137e8d25,45e10ae0-e115-465b-b785-caaaefaba557
c1334814,PASA Multicultural T20 Winter 2026,2026-06-06,Round 7,FIRST_INNINGS,9c7e17b1-ef77-4f0e-a33d-3d0dcf1274a4,33d20e37-1588-4298-8505-289fdff085f7,CAUGHT,f1484313-9115-58dc-be27-7659137e8d25,7358d8d1-760c-415c-b4d0-a634184597ed
c1334814,PASA Multicultural T20 Winter 2026,2026-06-06,Round 7,FIRST_INNINGS,269c7f5f-0a76-5c0d-b2c8-e602b34f42a0,33d20e37-1588-4298-8505-289fdff085f7,CAUGHT,ba8643d0-deec-4e5c-b12e-853d43854f1e,0a1549e2-9670-4cd6-b35b-61561d45bc25
c1334814,PASA Multicultural T20 Winter 2026,2026-06-06,Round 7,FIRST_INNINGS,0a1549e2-9670-4cd6-b35b-61561d45bc25,889dc370-5b6b-463a-b571-65fe57f78cd9,CAUGHT,ce8cb852-b6aa-403b-ada2-6ca63efec10f,1f26b61c-3504-41a1-bfd3-da80390e5929
c1334814,PASA Multicultural T20 Winter 2026,2026-06-06,Round 7,FIRST_INNINGS,d1a81d90-4cad-4b74-b151-665629077623,889dc370-5b6b-463a-b571-65fe57f78cd9,CAUGHT,51b04930-b247-4c1f-ad0b-c52ea2590135,1f26b61c-3504-41a1-bfd3-da80390e5929
c1334814,PASA Multicultural T20 Winter 2026,2026-06-06,Round 7,FIRST_INNINGS,21bb80d8-2596-4ecc-b70b-8e8d812b1d8a,889dc370-5b6b-463a-b571-65fe57f78cd9,BOWLED,9bf400db-2ab2-41d7-a85a-ae95553beb97,
c1334814,PASA Multicultural T20 Winter 2026,2026-06-06,Round 7,FIRST_INNINGS,443e9e81-6010-47f3-9479-eb52f38b1f85,889dc370-5b6b-463a-b571-65fe57f78cd9,RUN_OUT,,a4acedbe-2177-49b4-b057-de68f050a606
c1334814,PASA Multicultural T20 Winter 2026,2026-06-06,Round 7,FIRST_INNINGS,1dfefbe3-7aac-41f3-83b2-53ee734ee9cc,889dc370-5b6b-463a-b571-65fe57f78cd9,CAUGHT,9bf400db-2ab2-41d7-a85a-ae95553beb97,d5361c7a-5750-4cee-b7c2-a28148922051
c1334814,PASA Multicultural T20 Winter 2026,2026-06-06,Round 7,FIRST_INNINGS,45e10ae0-e115-465b-b785-caaaefaba557,889dc370-5b6b-463a-b571-65fe57f78cd9,CAUGHT,9bf400db-2ab2-41d7-a85a-ae95553beb97,a4acedbe-2177-49b4-b057-de68f050a606
c1334814,PASA Multicultural T20 Winter 2026,2026-06-06,Round 7,FIRST_INNINGS,85ee0038-c36b-4c15-9112-01ab4d5869a2,889dc370-5b6b-463a-b571-65fe57f78cd9,CAUGHT,ce8cb852-b6aa-403b-ada2-6ca63efec10f,51b04930-b247-4c1f-ad0b-c52ea2590135
c1334814,PASA Multicultural T20 Winter 2026,2026-06-06,Round 7,FIRST_INNINGS,7358d8d1-760c-415c-b4d0-a634184597ed,889dc370-5b6b-463a-b571-65fe57f78cd9,RUN_OUT,,ce8cb852-b6aa-403b-ada2-6ca63efec10f
ce67a9a6,PASA Multicultural T20 Winter 2026,2026-06-27,Round 9,FIRST_INNINGS,9f7b6201-176f-4d17-bce7-be7585bd6f28,4ffca3b9-99a6-48cd-be6e-120b1d6a3145,BOWLED,d5361c7a-5750-4cee-b7c2-a28148922051,
ce67a9a6,PASA Multicultural T20 Winter 2026,2026-06-27,Round 9,FIRST_INNINGS,04ecf7cf-5d8b-4b72-8dbf-85b04fefbcc7,4ffca3b9-99a6-48cd-be6e-120b1d6a3145,CAUGHT,6cb642e2-ab3e-4e5a-8113-4a99408f528b,dec65cf7-8a96-4a2c-9374-212906390d6e
ce67a9a6,PASA Multicultural T20 Winter 2026,2026-06-27,Round 9,FIRST_INNINGS,9efb4d76-a6d7-4f24-8909-86cf642718e0,4ffca3b9-99a6-48cd-be6e-120b1d6a3145,CAUGHT,1f26b61c-3504-41a1-bfd3-da80390e5929,4ad8c9f5-2cb6-443f-9aae-610b1edaecb1
ce67a9a6,PASA Multicultural T20 Winter 2026,2026-06-27,Round 9,FIRST_INNINGS,34ab126a-8428-4856-9d56-76acd76b6402,4ffca3b9-99a6-48cd-be6e-120b1d6a3145,LEG_BEFORE_WICKET,24264573-910b-4ae5-9f41-fe226a93bae8,
ce67a9a6,PASA Multicultural T20 Winter 2026,2026-06-27,Round 9,FIRST_INNINGS,e2ff64e3-8498-4aaf-aea7-ea83ee9cbc7a,4ffca3b9-99a6-48cd-be6e-120b1d6a3145,CAUGHT,1f26b61c-3504-41a1-bfd3-da80390e5929,a4acedbe-2177-49b4-b057-de68f050a606
ce67a9a6,PASA Multicultural T20 Winter 2026,2026-06-27,Round 9,FIRST_INNINGS,e28674ea-ad9b-498e-a2a5-2f4456440c0f,4ffca3b9-99a6-48cd-be6e-120b1d6a3145,RUN_OUT,,a4acedbe-2177-49b4-b057-de68f050a606
ce67a9a6,PASA Multicultural T20 Winter 2026,2026-06-27,Round 9,FIRST_INNINGS,b2b8e41f-8032-420f-87a4-d87255f83840,4ffca3b9-99a6-48cd-be6e-120b1d6a3145,CAUGHT,24264573-910b-4ae5-9f41-fe226a93bae8,
ce67a9a6,PASA Multicultural T20 Winter 2026,2026-06-27,Round 9,FIRST_INNINGS,be5d4552-6f01-41b0-929d-298f001308cb,4ffca3b9-99a6-48cd-be6e-120b1d6a3145,BOWLED,24264573-910b-4ae5-9f41-fe226a93bae8,
ce67a9a6,PASA Multicultural T20 Winter 2026,2026-06-27,Round 9,FIRST_INNINGS,2ea3fb04-d060-4d67-8145-17d0725c56bb,4ffca3b9-99a6-48cd-be6e-120b1d6a3145,LEG_BEFORE_WICKET,24264573-910b-4ae5-9f41-fe226a93bae8,
ce67a9a6,PASA Multicultural T20 Winter 2026,2026-06-27,Round 9,FIRST_INNINGS,beb3fd01-1911-4861-93b1-4ab267c486a0,4ffca3b9-99a6-48cd-be6e-120b1d6a3145,CAUGHT,a4acedbe-2177-49b4-b057-de68f050a606,
ce67a9a6,PASA Multicultural T20 Winter 2026,2026-06-27,Round 9,FIRST_INNINGS,d5361c7a-5750-4cee-b7c2-a28148922051,33d20e37-1588-4298-8505-289fdff085f7,BOWLED,86f899c6-d616-4378-984f-939500ab3d29,
ce67a9a6,PASA Multicultural T20 Winter 2026,2026-06-27,Round 9,FIRST_INNINGS,4ad8c9f5-2cb6-443f-9aae-610b1edaecb1,33d20e37-1588-4298-8505-289fdff085f7,CAUGHT,e28674ea-ad9b-498e-a2a5-2f4456440c0f,86f899c6-d616-4378-984f-939500ab3d29
ce67a9a6,PASA Multicultural T20 Winter 2026,2026-06-27,Round 9,FIRST_INNINGS,afa13680-c063-4d05-a69a-6a9da8eabd0f,33d20e37-1588-4298-8505-289fdff085f7,STUMPED,e28674ea-ad9b-498e-a2a5-2f4456440c0f,04ecf7cf-5d8b-4b72-8dbf-85b04fefbcc7
ce67a9a6,PASA Multicultural T20 Winter 2026,2026-06-27,Round 9,FIRST_INNINGS,cafae226-6214-4f48-87d4-13649f021352,33d20e37-1588-4298-8505-289fdff085f7,BOWLED,9f7b6201-176f-4d17-bce7-be7585bd6f28,
ce67a9a6,PASA Multicultural T20 Winter 2026,2026-06-27,Round 9,FIRST_INNINGS,a4acedbe-2177-49b4-b057-de68f050a606,33d20e37-1588-4298-8505-289fdff085f7,CAUGHT,9f7b6201-176f-4d17-bce7-be7585bd6f28,04ecf7cf-5d8b-4b72-8dbf-85b04fefbcc7
ce67a9a6,PASA Multicultural T20 Winter 2026,2026-06-27,Round 9,FIRST_INNINGS,dec65cf7-8a96-4a2c-9374-212906390d6e,33d20e37-1588-4298-8505-289fdff085f7,CAUGHT,e2ff64e3-8498-4aaf-aea7-ea83ee9cbc7a,beb3fd01-1911-4861-93b1-4ab267c486a0
73d3576e,PASA Multicultural T20 Winter 2026,2026-07-04,Round 10,FIRST_INNINGS,19243358-2920-4c32-b498-e48fd15cd893,69331fac-fc45-4a3f-834e-f424a53d0009,CAUGHT,1f26b61c-3504-41a1-bfd3-da80390e5929,ce8cb852-b6aa-403b-ada2-6ca63efec10f
73d3576e,PASA Multicultural T20 Winter 2026,2026-07-04,Round 10,FIRST_INNINGS,d17ca585-f11d-4ab9-8865-87f6cdc69109,69331fac-fc45-4a3f-834e-f424a53d0009,BOWLED,1f26b61c-3504-41a1-bfd3-da80390e5929,
73d3576e,PASA Multicultural T20 Winter 2026,2026-07-04,Round 10,FIRST_INNINGS,b46e9cf7-375f-4248-8b65-d9485b3d42d7,69331fac-fc45-4a3f-834e-f424a53d0009,BOWLED,1f26b61c-3504-41a1-bfd3-da80390e5929,
73d3576e,PASA Multicultural T20 Winter 2026,2026-07-04,Round 10,FIRST_INNINGS,1200a8c4-7f6b-41ec-b95c-8f12a3c48846,69331fac-fc45-4a3f-834e-f424a53d0009,CAUGHT,a4acedbe-2177-49b4-b057-de68f050a606,ce8cb852-b6aa-403b-ada2-6ca63efec10f
73d3576e,PASA Multicultural T20 Winter 2026,2026-07-04,Round 10,FIRST_INNINGS,46f09f8e-e7d0-4fa6-88cb-cff6e7f6ce3f,69331fac-fc45-4a3f-834e-f424a53d0009,CAUGHT,d5361c7a-5750-4cee-b7c2-a28148922051,dec65cf7-8a96-4a2c-9374-212906390d6e
73d3576e,PASA Multicultural T20 Winter 2026,2026-07-04,Round 10,FIRST_INNINGS,0484d1ac-e650-471f-9886-108e90084cdf,69331fac-fc45-4a3f-834e-f424a53d0009,CAUGHT,a4acedbe-2177-49b4-b057-de68f050a606,ce8cb852-b6aa-403b-ada2-6ca63efec10f
73d3576e,PASA Multicultural T20 Winter 2026,2026-07-04,Round 10,FIRST_INNINGS,d5361c7a-5750-4cee-b7c2-a28148922051,33d20e37-1588-4298-8505-289fdff085f7,RUN_OUT_PRIOR_TO_BALL_DELIVERY,,d0e1f4d7-743c-4833-bc3f-a3354572fd58
73d3576e,PASA Multicultural T20 Winter 2026,2026-07-04,Round 10,FIRST_INNINGS,809fa98b-3a75-4f10-bb31-6741679f5456,33d20e37-1588-4298-8505-289fdff085f7,RUN_OUT,,b46e9cf7-375f-4248-8b65-d9485b3d42d7
73d3576e,PASA Multicultural T20 Winter 2026,2026-07-04,Round 10,FIRST_INNINGS,9bf400db-2ab2-41d7-a85a-ae95553beb97,33d20e37-1588-4298-8505-289fdff085f7,LEG_BEFORE_WICKET,f1fd8d5c-c48d-4ebc-86a9-9d9fefbf9eba,
73d3576e,PASA Multicultural T20 Winter 2026,2026-07-04,Round 10,FIRST_INNINGS,cafae226-6214-4f48-87d4-13649f021352,33d20e37-1588-4298-8505-289fdff085f7,CAUGHT,d17ca585-f11d-4ab9-8865-87f6cdc69109,b3e9530b-4071-433d-b977-5cf1f7aa88b3
73d3576e,PASA Multicultural T20 Winter 2026,2026-07-04,Round 10,FIRST_INNINGS,4ad8c9f5-2cb6-443f-9aae-610b1edaecb1,33d20e37-1588-4298-8505-289fdff085f7,BOWLED,0484d1ac-e650-471f-9886-108e90084cdf,
73d3576e,PASA Multicultural T20 Winter 2026,2026-07-04,Round 10,FIRST_INNINGS,9c7e17b1-ef77-4f0e-a33d-3d0dcf1274a4,33d20e37-1588-4298-8505-289fdff085f7,CAUGHT,d17ca585-f11d-4ab9-8865-87f6cdc69109,1200a8c4-7f6b-41ec-b95c-8f12a3c48846
be1920fc,PASA Multicultural T20 Winter 2026,2026-07-18,Round 12,FIRST_INNINGS,2558b73f-e445-4843-a250-bc388666e304,4b91d37a-1027-4784-b4e8-a9e83312e515,CAUGHT,9c7e17b1-ef77-4f0e-a33d-3d0dcf1274a4,00e84721-92f7-4c7a-bf26-ba7481b8b292
be1920fc,PASA Multicultural T20 Winter 2026,2026-07-18,Round 12,FIRST_INNINGS,cd313671-0e52-454c-a328-88c08a8b4212,4b91d37a-1027-4784-b4e8-a9e83312e515,CAUGHT,00e84721-92f7-4c7a-bf26-ba7481b8b292,6cb642e2-ab3e-4e5a-8113-4a99408f528b
be1920fc,PASA Multicultural T20 Winter 2026,2026-07-18,Round 12,FIRST_INNINGS,d43666be-38f0-40c7-8098-f810debd3563,4b91d37a-1027-4784-b4e8-a9e83312e515,BOWLED,00e84721-92f7-4c7a-bf26-ba7481b8b292,
be1920fc,PASA Multicultural T20 Winter 2026,2026-07-18,Round 12,FIRST_INNINGS,e4f54de5-8668-4230-a547-b0de12073c50,4b91d37a-1027-4784-b4e8-a9e83312e515,RUN_OUT,,dec65cf7-8a96-4a2c-9374-212906390d6e
be1920fc,PASA Multicultural T20 Winter 2026,2026-07-18,Round 12,FIRST_INNINGS,2e007500-3d9f-4e68-90a2-a79e8f429b55,4b91d37a-1027-4784-b4e8-a9e83312e515,LEG_BEFORE_WICKET,6cb642e2-ab3e-4e5a-8113-4a99408f528b,
be1920fc,PASA Multicultural T20 Winter 2026,2026-07-18,Round 12,FIRST_INNINGS,00bfdfc1-99a0-402c-ac2c-b864bf1fa9f6,4b91d37a-1027-4784-b4e8-a9e83312e515,BOWLED,51b04930-b247-4c1f-ad0b-c52ea2590135,
be1920fc,PASA Multicultural T20 Winter 2026,2026-07-18,Round 12,FIRST_INNINGS,06d283f5-4896-416d-a0b8-66862e170148,4b91d37a-1027-4784-b4e8-a9e83312e515,BOWLED,5a4451bc-efb7-44e2-a093-77f2f4b2225b,
be1920fc,PASA Multicultural T20 Winter 2026,2026-07-18,Round 12,FIRST_INNINGS,809fa98b-3a75-4f10-bb31-6741679f5456,33d20e37-1588-4298-8505-289fdff085f7,RUN_OUT,,cd313671-0e52-454c-a328-88c08a8b4212
be1920fc,PASA Multicultural T20 Winter 2026,2026-07-18,Round 12,FIRST_INNINGS,24264573-910b-4ae5-9f41-fe226a93bae8,33d20e37-1588-4298-8505-289fdff085f7,LEG_BEFORE_WICKET,cd313671-0e52-454c-a328-88c08a8b4212,
be1920fc,PASA Multicultural T20 Winter 2026,2026-07-18,Round 12,FIRST_INNINGS,d5361c7a-5750-4cee-b7c2-a28148922051,33d20e37-1588-4298-8505-289fdff085f7,CAUGHT,cfc1b653-5b7e-4564-9001-28c9c1c41a7d,2558b73f-e445-4843-a250-bc388666e304
be1920fc,PASA Multicultural T20 Winter 2026,2026-07-18,Round 12,FIRST_INNINGS,9bf400db-2ab2-41d7-a85a-ae95553beb97,33d20e37-1588-4298-8505-289fdff085f7,CAUGHT,d43666be-38f0-40c7-8098-f810debd3563,00bfdfc1-99a0-402c-ac2c-b864bf1fa9f6
be1920fc,PASA Multicultural T20 Winter 2026,2026-07-18,Round 12,FIRST_INNINGS,51b04930-b247-4c1f-ad0b-c52ea2590135,33d20e37-1588-4298-8505-289fdff085f7,RUN_OUT,,d43666be-38f0-40c7-8098-f810debd3563
be1920fc,PASA Multicultural T20 Winter 2026,2026-07-18,Round 12,FIRST_INNINGS,6cb642e2-ab3e-4e5a-8113-4a99408f528b,33d20e37-1588-4298-8505-289fdff085f7,BOWLED,cd313671-0e52-454c-a328-88c08a8b4212,
be1920fc,PASA Multicultural T20 Winter 2026,2026-07-18,Round 12,FIRST_INNINGS,dec65cf7-8a96-4a2c-9374-212906390d6e,33d20e37-1588-4298-8505-289fdff085f7,BOWLED,cd313671-0e52-454c-a328-88c08a8b4212,
f1d7f28f,PASA Multicultural T20 Winter 2026,2026-08-22,Round 13,FIRST_INNINGS,0420829f-6240-4af4-b848-b7393b8ea6bf,9f25f117-fa3e-4858-a0c4-f0f79de657e3,CAUGHT,9c7e17b1-ef77-4f0e-a33d-3d0dcf1274a4,9bf400db-2ab2-41d7-a85a-ae95553beb97
f1d7f28f,PASA Multicultural T20 Winter 2026,2026-08-22,Round 13,FIRST_INNINGS,0b975712-fb9e-4cdf-b2c8-d3da4e83090e,9f25f117-fa3e-4858-a0c4-f0f79de657e3,CAUGHT,9c7e17b1-ef77-4f0e-a33d-3d0dcf1274a4,1f26b61c-3504-41a1-bfd3-da80390e5929
f1d7f28f,PASA Multicultural T20 Winter 2026,2026-08-22,Round 13,FIRST_INNINGS,e16b7132-fc08-463e-8b5f-681bbc934d2d,9f25f117-fa3e-4858-a0c4-f0f79de657e3,CAUGHT,9c7e17b1-ef77-4f0e-a33d-3d0dcf1274a4,9bf400db-2ab2-41d7-a85a-ae95553beb97
f1d7f28f,PASA Multicultural T20 Winter 2026,2026-08-22,Round 13,FIRST_INNINGS,5dc7fd7f-a76c-4d25-8433-95caccc1b07d,9f25f117-fa3e-4858-a0c4-f0f79de657e3,CAUGHT,1f26b61c-3504-41a1-bfd3-da80390e5929,24264573-910b-4ae5-9f41-fe226a93bae8
f1d7f28f,PASA Multicultural T20 Winter 2026,2026-08-22,Round 13,FIRST_INNINGS,c8356a25-adbb-413c-a354-c65a85989006,9f25f117-fa3e-4858-a0c4-f0f79de657e3,CAUGHT,ce8cb852-b6aa-403b-ada2-6ca63efec10f,676f1b87-a175-44b1-a9bb-73f33f54c5f4
f1d7f28f,PASA Multicultural T20 Winter 2026,2026-08-22,Round 13,FIRST_INNINGS,5f6aab39-0b90-4738-b3a0-f942e486ecef,9f25f117-fa3e-4858-a0c4-f0f79de657e3,CAUGHT,5a4451bc-efb7-44e2-a093-77f2f4b2225b,9bf400db-2ab2-41d7-a85a-ae95553beb97
f1d7f28f,PASA Multicultural T20 Winter 2026,2026-08-22,Round 13,FIRST_INNINGS,cafae226-6214-4f48-87d4-13649f021352,33d20e37-1588-4298-8505-289fdff085f7,BOWLED,18d68ee8-9eef-4ed5-8abf-710891b58041,
f1d7f28f,PASA Multicultural T20 Winter 2026,2026-08-22,Round 13,FIRST_INNINGS,5bcb3e97-5250-46ca-895c-02c23cbcef62,33d20e37-1588-4298-8505-289fdff085f7,CAUGHT,a4628c25-5e62-403e-8f5a-cdd75d36195d,aabc3575-130f-400b-8ee5-7f259012f0b3
f1d7f28f,PASA Multicultural T20 Winter 2026,2026-08-22,Round 13,FIRST_INNINGS,9bf400db-2ab2-41d7-a85a-ae95553beb97,33d20e37-1588-4298-8505-289fdff085f7,CAUGHT,e16b7132-fc08-463e-8b5f-681bbc934d2d,0b975712-fb9e-4cdf-b2c8-d3da4e83090e
f1d7f28f,PASA Multicultural T20 Winter 2026,2026-08-22,Round 13,FIRST_INNINGS,d5361c7a-5750-4cee-b7c2-a28148922051,33d20e37-1588-4298-8505-289fdff085f7,CAUGHT,5f6aab39-0b90-4738-b3a0-f942e486ecef,e16b7132-fc08-463e-8b5f-681bbc934d2d
f1d7f28f,PASA Multicultural T20 Winter 2026,2026-08-22,Round 13,FIRST_INNINGS,809fa98b-3a75-4f10-bb31-6741679f5456,33d20e37-1588-4298-8505-289fdff085f7,CAUGHT,18d68ee8-9eef-4ed5-8abf-710891b58041,0b975712-fb9e-4cdf-b2c8-d3da4e83090e
f1d7f28f,PASA Multicultural T20 Winter 2026,2026-08-22,Round 13,FIRST_INNINGS,9c7e17b1-ef77-4f0e-a33d-3d0dcf1274a4,33d20e37-1588-4298-8505-289fdff085f7,CAUGHT,5f6aab39-0b90-4738-b3a0-f942e486ecef,a4628c25-5e62-403e-8f5a-cdd75d36195d
f1d7f28f,PASA Multicultural T20 Winter 2026,2026-08-22,Round 13,FIRST_INNINGS,1f26b61c-3504-41a1-bfd3-da80390e5929,33d20e37-1588-4298-8505-289fdff085f7,CAUGHT,5f6aab39-0b90-4738-b3a0-f942e486ecef,0420829f-6240-4af4-b848-b7393b8ea6bf
9870f876,PASA Multicultural T20 Winter 2026,2026-08-01,Round 14,FIRST_INNINGS,9bf400db-2ab2-41d7-a85a-ae95553beb97,33d20e37-1588-4298-8505-289fdff085f7,CAUGHT,60b9cd5c-4b0b-41dc-9599-ec983c9d5cf9,853c5c2b-b1de-48d7-af52-9998d7132074
9870f876,PASA Multicultural T20 Winter 2026,2026-08-01,Round 14,FIRST_INNINGS,a4acedbe-2177-49b4-b057-de68f050a606,33d20e37-1588-4298-8505-289fdff085f7,CAUGHT,5da2826e-87fa-4c89-a0c0-9cdebdeee4b8,60b9cd5c-4b0b-41dc-9599-ec983c9d5cf9
9870f876,PASA Multicultural T20 Winter 2026,2026-08-01,Round 14,FIRST_INNINGS,dec65cf7-8a96-4a2c-9374-212906390d6e,33d20e37-1588-4298-8505-289fdff085f7,CAUGHT,42c5d5c9-a1e0-42f6-9a58-4d156164b473,19cc48bd-2967-4fbe-83dc-e73c9571b3cb
9870f876,PASA Multicultural T20 Winter 2026,2026-08-01,Round 14,FIRST_INNINGS,55e7eadd-f97c-4ee1-a61d-efb07a5248a8,33d20e37-1588-4298-8505-289fdff085f7,CAUGHT,d581a5a1-8617-48bd-9b5e-78d160b455c9,d581a5a1-8617-48bd-9b5e-78d160b455c9
9870f876,PASA Multicultural T20 Winter 2026,2026-08-01,Round 14,FIRST_INNINGS,9c7e17b1-ef77-4f0e-a33d-3d0dcf1274a4,33d20e37-1588-4298-8505-289fdff085f7,CAUGHT,60b9cd5c-4b0b-41dc-9599-ec983c9d5cf9,853c5c2b-b1de-48d7-af52-9998d7132074
9870f876,PASA Multicultural T20 Winter 2026,2026-08-01,Round 14,FIRST_INNINGS,676f1b87-a175-44b1-a9bb-73f33f54c5f4,33d20e37-1588-4298-8505-289fdff085f7,CAUGHT,42c5d5c9-a1e0-42f6-9a58-4d156164b473,c12fae87-66af-4c20-a59c-4b17e1ad41a4
9870f876,PASA Multicultural T20 Winter 2026,2026-08-01,Round 14,FIRST_INNINGS,c12fae87-66af-4c20-a59c-4b17e1ad41a4,61528fb4-2061-4d09-a35d-f1c63f09238d,CAUGHT,9bf400db-2ab2-41d7-a85a-ae95553beb97,ce8cb852-b6aa-403b-ada2-6ca63efec10f
9870f876,PASA Multicultural T20 Winter 2026,2026-08-01,Round 14,FIRST_INNINGS,19cc48bd-2967-4fbe-83dc-e73c9571b3cb,61528fb4-2061-4d09-a35d-f1c63f09238d,CAUGHT,55e7eadd-f97c-4ee1-a61d-efb07a5248a8,24264573-910b-4ae5-9f41-fe226a93bae8
9870f876,PASA Multicultural T20 Winter 2026,2026-08-01,Round 14,FIRST_INNINGS,853c5c2b-b1de-48d7-af52-9998d7132074,61528fb4-2061-4d09-a35d-f1c63f09238d,CAUGHT,51b04930-b247-4c1f-ad0b-c52ea2590135,9bf400db-2ab2-41d7-a85a-ae95553beb97
9870f876,PASA Multicultural T20 Winter 2026,2026-08-01,Round 14,FIRST_INNINGS,d581a5a1-8617-48bd-9b5e-78d160b455c9,61528fb4-2061-4d09-a35d-f1c63f09238d,BOWLED,1f26b61c-3504-41a1-bfd3-da80390e5929,
9870f876,PASA Multicultural T20 Winter 2026,2026-08-01,Round 14,FIRST_INNINGS,f0dbf9b9-e739-4258-91ff-ef0358ab57e8,61528fb4-2061-4d09-a35d-f1c63f09238d,CAUGHT,1f26b61c-3504-41a1-bfd3-da80390e5929,676f1b87-a175-44b1-a9bb-73f33f54c5f4
9870f876,PASA Multicultural T20 Winter 2026,2026-08-01,Round 14,FIRST_INNINGS,60b9cd5c-4b0b-41dc-9599-ec983c9d5cf9,61528fb4-2061-4d09-a35d-f1c63f09238d,CAUGHT,676f1b87-a175-44b1-a9bb-73f33f54c5f4,a4acedbe-2177-49b4-b057-de68f050a606
9870f876,PASA Multicultural T20 Winter 2026,2026-08-01,Round 14,FIRST_INNINGS,517fc4d6-f3c3-4cb3-b623-b25793bbf18d,61528fb4-2061-4d09-a35d-f1c63f09238d,BOWLED,1f26b61c-3504-41a1-bfd3-da80390e5929,
ea70855d,PASA Multicultural T20 Winter 2026,2026-08-08,Round 15,FIRST_INNINGS,cafae226-6214-4f48-87d4-13649f021352,33d20e37-1588-4298-8505-289fdff085f7,CAUGHT,65a1ccd5-8128-4790-8367-b16456667c04,6204f22a-7001-58e0-86e2-28a8a2cec805
ea70855d,PASA Multicultural T20 Winter 2026,2026-08-08,Round 15,FIRST_INNINGS,51b04930-b247-4c1f-ad0b-c52ea2590135,33d20e37-1588-4298-8505-289fdff085f7,CAUGHT,65a1ccd5-8128-4790-8367-b16456667c04,1670846d-00f5-4ec5-b0db-a0a230a2d002
ea70855d,PASA Multicultural T20 Winter 2026,2026-08-08,Round 15,FIRST_INNINGS,d5361c7a-5750-4cee-b7c2-a28148922051,33d20e37-1588-4298-8505-289fdff085f7,CAUGHT,cf2a1eaf-fd21-459b-95f6-2cf908264473,1670846d-00f5-4ec5-b0db-a0a230a2d002
ea70855d,PASA Multicultural T20 Winter 2026,2026-08-08,Round 15,FIRST_INNINGS,9c7e17b1-ef77-4f0e-a33d-3d0dcf1274a4,33d20e37-1588-4298-8505-289fdff085f7,CAUGHT,8c075baf-b52d-4047-8323-e327c5c9edcb,65a1ccd5-8128-4790-8367-b16456667c04
ea70855d,PASA Multicultural T20 Winter 2026,2026-08-08,Round 15,FIRST_INNINGS,9bf400db-2ab2-41d7-a85a-ae95553beb97,33d20e37-1588-4298-8505-289fdff085f7,CAUGHT,65a1ccd5-8128-4790-8367-b16456667c04,6204f22a-7001-58e0-86e2-28a8a2cec805
ea70855d,PASA Multicultural T20 Winter 2026,2026-08-08,Round 15,FIRST_INNINGS,25b5e652-f8b9-448e-b974-ab34b3470ea2,bb78b417-7945-4775-a971-8814e4f55cb0,CAUGHT,9c7e17b1-ef77-4f0e-a33d-3d0dcf1274a4,9bf400db-2ab2-41d7-a85a-ae95553beb97
ea70855d,PASA Multicultural T20 Winter 2026,2026-08-08,Round 15,FIRST_INNINGS,8c075baf-b52d-4047-8323-e327c5c9edcb,bb78b417-7945-4775-a971-8814e4f55cb0,STUMPED,9c7e17b1-ef77-4f0e-a33d-3d0dcf1274a4,dec65cf7-8a96-4a2c-9374-212906390d6e
ea70855d,PASA Multicultural T20 Winter 2026,2026-08-08,Round 15,FIRST_INNINGS,1670846d-00f5-4ec5-b0db-a0a230a2d002,bb78b417-7945-4775-a971-8814e4f55cb0,LEG_BEFORE_WICKET,00e84721-92f7-4c7a-bf26-ba7481b8b292,
ea70855d,PASA Multicultural T20 Winter 2026,2026-08-08,Round 15,FIRST_INNINGS,9ed3bf32-a8f5-465c-9da1-03531693454d,bb78b417-7945-4775-a971-8814e4f55cb0,CAUGHT,9c7e17b1-ef77-4f0e-a33d-3d0dcf1274a4,9bf400db-2ab2-41d7-a85a-ae95553beb97
ea70855d,PASA Multicultural T20 Winter 2026,2026-08-08,Round 15,FIRST_INNINGS,c199ddf5-48b1-471e-821e-5b8d97189d50,bb78b417-7945-4775-a971-8814e4f55cb0,CAUGHT,51b04930-b247-4c1f-ad0b-c52ea2590135,1f26b61c-3504-41a1-bfd3-da80390e5929
ea70855d,PASA Multicultural T20 Winter 2026,2026-08-08,Round 15,FIRST_INNINGS,47bbad24-1f67-40cb-ace7-eecc27d173f9,bb78b417-7945-4775-a971-8814e4f55cb0,BOWLED,1f26b61c-3504-41a1-bfd3-da80390e5929,
ea70855d,PASA Multicultural T20 Winter 2026,2026-08-08,Round 15,FIRST_INNINGS,cf2a1eaf-fd21-459b-95f6-2cf908264473,bb78b417-7945-4775-a971-8814e4f55cb0,CAUGHT,9bf400db-2ab2-41d7-a85a-ae95553beb97,dec65cf7-8a96-4a2c-9374-212906390d6e
984e2f1d,SACA Autumn Super Cricket T20 Winter 2026,2026-04-12,Round 1,FIRST_INNINGS,6517a9c6-6f6f-47f0-9ea1-84855db85756,09ebbf83-3e89-45c4-a18e-2708d5c88514,CAUGHT,258449c6-7f85-4a57-a72b-55b40037e00d,0246aeee-de4b-42c3-8590-441a644bc0c6
984e2f1d,SACA Autumn Super Cricket T20 Winter 2026,2026-04-12,Round 1,FIRST_INNINGS,47f496a4-d0a6-48e7-910b-937cef686aff,09ebbf83-3e89-45c4-a18e-2708d5c88514,BOWLED,c21ba782-16dc-4b62-b116-cb7e73ced70d,
984e2f1d,SACA Autumn Super Cricket T20 Winter 2026,2026-04-12,Round 1,FIRST_INNINGS,c221002e-47c5-41de-9749-62cc8162f427,09ebbf83-3e89-45c4-a18e-2708d5c88514,BOWLED,c21ba782-16dc-4b62-b116-cb7e73ced70d,
984e2f1d,SACA Autumn Super Cricket T20 Winter 2026,2026-04-12,Round 1,FIRST_INNINGS,da1c2068-d2fc-42c1-a7dc-39d011c036f4,09ebbf83-3e89-45c4-a18e-2708d5c88514,CAUGHT,3c27cc30-72d1-443f-951f-64112148f221,c21ba782-16dc-4b62-b116-cb7e73ced70d
984e2f1d,SACA Autumn Super Cricket T20 Winter 2026,2026-04-12,Round 1,FIRST_INNINGS,f00de853-4c37-416a-a9f5-be29dac245e7,09ebbf83-3e89-45c4-a18e-2708d5c88514,CAUGHT,0246aeee-de4b-42c3-8590-441a644bc0c6,924a0347-9afd-427e-9b93-3419fac6d03e
984e2f1d,SACA Autumn Super Cricket T20 Winter 2026,2026-04-12,Round 1,FIRST_INNINGS,89e631de-423b-4ee0-a669-c0f6ef8caf43,09ebbf83-3e89-45c4-a18e-2708d5c88514,CAUGHT,0246aeee-de4b-42c3-8590-441a644bc0c6,c21ba782-16dc-4b62-b116-cb7e73ced70d
984e2f1d,SACA Autumn Super Cricket T20 Winter 2026,2026-04-12,Round 1,FIRST_INNINGS,a0740b1d-d209-40be-b60c-7df19d428537,09ebbf83-3e89-45c4-a18e-2708d5c88514,CAUGHT,0246aeee-de4b-42c3-8590-441a644bc0c6,cb8418e7-91d1-528c-a6da-5da805886c6c
984e2f1d,SACA Autumn Super Cricket T20 Winter 2026,2026-04-12,Round 1,FIRST_INNINGS,8f1ef626-ae45-4858-907a-be675997ec6d,09ebbf83-3e89-45c4-a18e-2708d5c88514,BOWLED,0246aeee-de4b-42c3-8590-441a644bc0c6,
984e2f1d,SACA Autumn Super Cricket T20 Winter 2026,2026-04-12,Round 1,FIRST_INNINGS,cb8418e7-91d1-528c-a6da-5da805886c6c,57c57ec5-b5e6-4a51-b519-0c13330f0564,BOWLED,f00de853-4c37-416a-a9f5-be29dac245e7,
984e2f1d,SACA Autumn Super Cricket T20 Winter 2026,2026-04-12,Round 1,FIRST_INNINGS,9e0d50d6-9c07-467e-9dc4-ef89900b9031,57c57ec5-b5e6-4a51-b519-0c13330f0564,BOWLED,8f1ef626-ae45-4858-907a-be675997ec6d,
984e2f1d,SACA Autumn Super Cricket T20 Winter 2026,2026-04-12,Round 1,FIRST_INNINGS,3c27cc30-72d1-443f-951f-64112148f221,57c57ec5-b5e6-4a51-b519-0c13330f0564,CAUGHT,89e631de-423b-4ee0-a669-c0f6ef8caf43,89e631de-423b-4ee0-a669-c0f6ef8caf43
984e2f1d,SACA Autumn Super Cricket T20 Winter 2026,2026-04-12,Round 1,FIRST_INNINGS,c21ba782-16dc-4b62-b116-cb7e73ced70d,57c57ec5-b5e6-4a51-b519-0c13330f0564,CAUGHT,89e631de-423b-4ee0-a669-c0f6ef8caf43,acb8d821-d948-469a-acd0-18f8c5fc1b03
984e2f1d,SACA Autumn Super Cricket T20 Winter 2026,2026-04-12,Round 1,FIRST_INNINGS,1c4c818f-fe08-4a4c-94d7-144d53869682,57c57ec5-b5e6-4a51-b519-0c13330f0564,CAUGHT,8f1ef626-ae45-4858-907a-be675997ec6d,a0740b1d-d209-40be-b60c-7df19d428537
984e2f1d,SACA Autumn Super Cricket T20 Winter 2026,2026-04-12,Round 1,FIRST_INNINGS,0246aeee-de4b-42c3-8590-441a644bc0c6,57c57ec5-b5e6-4a51-b519-0c13330f0564,CAUGHT,89e631de-423b-4ee0-a669-c0f6ef8caf43,f00de853-4c37-416a-a9f5-be29dac245e7
984e2f1d,SACA Autumn Super Cricket T20 Winter 2026,2026-04-12,Round 1,FIRST_INNINGS,0c908d08-b341-4ae8-a72f-93078f1eed76,57c57ec5-b5e6-4a51-b519-0c13330f0564,CAUGHT,89e631de-423b-4ee0-a669-c0f6ef8caf43,acb8d821-d948-469a-acd0-18f8c5fc1b03
2e5fc2a6,SACA Autumn Super Cricket T20 Winter 2026,2026-04-26,Round 3,FIRST_INNINGS,35699630-2f8e-4fbe-b482-e5edc0165b03,57c57ec5-b5e6-4a51-b519-0c13330f0564,BOWLED,b67b5862-1f19-4363-89c1-946476b5094f,
2e5fc2a6,SACA Autumn Super Cricket T20 Winter 2026,2026-04-26,Round 3,FIRST_INNINGS,0246aeee-de4b-42c3-8590-441a644bc0c6,57c57ec5-b5e6-4a51-b519-0c13330f0564,RUN_OUT,,137e7c9b-abe9-4caf-9350-232de925dff9
2e5fc2a6,SACA Autumn Super Cricket T20 Winter 2026,2026-04-26,Round 3,FIRST_INNINGS,2d491a51-bec8-4025-9b5b-6b1b0bd77f3d,57c57ec5-b5e6-4a51-b519-0c13330f0564,BOWLED,bdc88411-d34b-4846-a037-9eb972ec7419,
2e5fc2a6,SACA Autumn Super Cricket T20 Winter 2026,2026-04-26,Round 3,FIRST_INNINGS,59e839c5-c8fc-4c47-9fe6-fd8a478e289e,57c57ec5-b5e6-4a51-b519-0c13330f0564,CAUGHT,f8a23bcb-c2a6-4c19-90ec-c513eb970ef6,1d75e76d-499f-4e91-970e-d5b2b391f980
2e5fc2a6,SACA Autumn Super Cricket T20 Winter 2026,2026-04-26,Round 3,FIRST_INNINGS,3c27cc30-72d1-443f-951f-64112148f221,57c57ec5-b5e6-4a51-b519-0c13330f0564,CAUGHT,b67b5862-1f19-4363-89c1-946476b5094f,28f5ec24-e386-4b99-a846-dbd4037f4af1
2e5fc2a6,SACA Autumn Super Cricket T20 Winter 2026,2026-04-26,Round 3,FIRST_INNINGS,c21ba782-16dc-4b62-b116-cb7e73ced70d,57c57ec5-b5e6-4a51-b519-0c13330f0564,CAUGHT,b67b5862-1f19-4363-89c1-946476b5094f,f8a23bcb-c2a6-4c19-90ec-c513eb970ef6
2e5fc2a6,SACA Autumn Super Cricket T20 Winter 2026,2026-04-26,Round 3,FIRST_INNINGS,924a0347-9afd-427e-9b93-3419fac6d03e,57c57ec5-b5e6-4a51-b519-0c13330f0564,CAUGHT,b67b5862-1f19-4363-89c1-946476b5094f,f8a23bcb-c2a6-4c19-90ec-c513eb970ef6
2e5fc2a6,SACA Autumn Super Cricket T20 Winter 2026,2026-04-26,Round 3,FIRST_INNINGS,5f074d08-ca8d-4c86-b40d-50afbe52adf6,57c57ec5-b5e6-4a51-b519-0c13330f0564,CAUGHT,71da83fe-7dfe-45f5-b536-821a2e0fbc51,0422c720-1e60-464c-9502-5df9320940ac
2e5fc2a6,SACA Autumn Super Cricket T20 Winter 2026,2026-04-26,Round 3,FIRST_INNINGS,0c908d08-b341-4ae8-a72f-93078f1eed76,57c57ec5-b5e6-4a51-b519-0c13330f0564,LEG_BEFORE_WICKET,71da83fe-7dfe-45f5-b536-821a2e0fbc51,
2e5fc2a6,SACA Autumn Super Cricket T20 Winter 2026,2026-04-26,Round 3,FIRST_INNINGS,28f5ec24-e386-4b99-a846-dbd4037f4af1,ec20e3eb-f229-40b0-868f-c2eb663ec3f5,BOWLED,80a729c3-af62-424c-8638-fc1c23fb039b,
2e5fc2a6,SACA Autumn Super Cricket T20 Winter 2026,2026-04-26,Round 3,FIRST_INNINGS,10e3c6cb-7772-471a-892a-ecac5b649bef,ec20e3eb-f229-40b0-868f-c2eb663ec3f5,BOWLED,80a729c3-af62-424c-8638-fc1c23fb039b,
2e5fc2a6,SACA Autumn Super Cricket T20 Winter 2026,2026-04-26,Round 3,FIRST_INNINGS,330e0c5a-20e5-4e77-a278-bbd5659be637,ec20e3eb-f229-40b0-868f-c2eb663ec3f5,CAUGHT,c21ba782-16dc-4b62-b116-cb7e73ced70d,5f074d08-ca8d-4c86-b40d-50afbe52adf6
2e5fc2a6,SACA Autumn Super Cricket T20 Winter 2026,2026-04-26,Round 3,FIRST_INNINGS,137e7c9b-abe9-4caf-9350-232de925dff9,ec20e3eb-f229-40b0-868f-c2eb663ec3f5,CAUGHT,35699630-2f8e-4fbe-b482-e5edc0165b03,924a0347-9afd-427e-9b93-3419fac6d03e
89845187,SACA Autumn Super Cricket T20 Winter 2026,2026-05-03,Round 4,FIRST_INNINGS,cb8418e7-91d1-528c-a6da-5da805886c6c,57c57ec5-b5e6-4a51-b519-0c13330f0564,STUMPED,fabebbf0-65d1-4ba5-b2ee-5c131b1ba4b1,661f7ebf-e736-4651-a87b-fbf5344b89c8
89845187,SACA Autumn Super Cricket T20 Winter 2026,2026-05-03,Round 4,FIRST_INNINGS,d764849d-7d7b-44f8-8498-131a75a30705,57c57ec5-b5e6-4a51-b519-0c13330f0564,BOWLED,ddaa495b-aa83-4f14-bed3-3df788417376,
89845187,SACA Autumn Super Cricket T20 Winter 2026,2026-05-03,Round 4,FIRST_INNINGS,3c27cc30-72d1-443f-951f-64112148f221,57c57ec5-b5e6-4a51-b519-0c13330f0564,CAUGHT,ddaa495b-aa83-4f14-bed3-3df788417376,a9fc5c7e-9804-438d-80b1-ece9b47f97b6
89845187,SACA Autumn Super Cricket T20 Winter 2026,2026-05-03,Round 4,FIRST_INNINGS,7c4538d6-bba8-4240-b926-e76cb93b239b,57c57ec5-b5e6-4a51-b519-0c13330f0564,BOWLED,a9fc5c7e-9804-438d-80b1-ece9b47f97b6,
89845187,SACA Autumn Super Cricket T20 Winter 2026,2026-05-03,Round 4,FIRST_INNINGS,35699630-2f8e-4fbe-b482-e5edc0165b03,57c57ec5-b5e6-4a51-b519-0c13330f0564,CAUGHT,01764eff-a86f-4507-86e7-1cfca1c3053e,01764eff-a86f-4507-86e7-1cfca1c3053e
89845187,SACA Autumn Super Cricket T20 Winter 2026,2026-05-03,Round 4,FIRST_INNINGS,d45bdd89-3d7f-4edd-ab6e-da95396390a5,57c57ec5-b5e6-4a51-b519-0c13330f0564,CAUGHT,ddaa495b-aa83-4f14-bed3-3df788417376,d976e7da-4353-4643-a10e-321472c7ba96
89845187,SACA Autumn Super Cricket T20 Winter 2026,2026-05-03,Round 4,FIRST_INNINGS,924a0347-9afd-427e-9b93-3419fac6d03e,57c57ec5-b5e6-4a51-b519-0c13330f0564,RUN_OUT,,fabebbf0-65d1-4ba5-b2ee-5c131b1ba4b1
89845187,SACA Autumn Super Cricket T20 Winter 2026,2026-05-03,Round 4,FIRST_INNINGS,7a14b414-d4c0-4e45-b40a-aa3f40b7bafd,57c57ec5-b5e6-4a51-b519-0c13330f0564,RUN_OUT,,
89845187,SACA Autumn Super Cricket T20 Winter 2026,2026-05-03,Round 4,FIRST_INNINGS,4577a108-d24c-4951-9638-8cbb2c022cfc,3ec0aaa2-ed62-4a4a-801c-06ce346496f6,BOWLED,ae549d4c-d31a-4016-b7ad-c92dc517404c,
89845187,SACA Autumn Super Cricket T20 Winter 2026,2026-05-03,Round 4,FIRST_INNINGS,5f45cc08-361f-42e6-9b85-31bf3d95580c,3ec0aaa2-ed62-4a4a-801c-06ce346496f6,BOWLED,d45bdd89-3d7f-4edd-ab6e-da95396390a5,
89845187,SACA Autumn Super Cricket T20 Winter 2026,2026-05-03,Round 4,FIRST_INNINGS,9d7832c9-1a47-416f-8e44-d81eb2cf2e5d,3ec0aaa2-ed62-4a4a-801c-06ce346496f6,RUN_OUT,,924a0347-9afd-427e-9b93-3419fac6d03e
89845187,SACA Autumn Super Cricket T20 Winter 2026,2026-05-03,Round 4,FIRST_INNINGS,d976e7da-4353-4643-a10e-321472c7ba96,3ec0aaa2-ed62-4a4a-801c-06ce346496f6,CAUGHT,d45bdd89-3d7f-4edd-ab6e-da95396390a5,258449c6-7f85-4a57-a72b-55b40037e00d
89845187,SACA Autumn Super Cricket T20 Winter 2026,2026-05-03,Round 4,FIRST_INNINGS,01764eff-a86f-4507-86e7-1cfca1c3053e,3ec0aaa2-ed62-4a4a-801c-06ce346496f6,LEG_BEFORE_WICKET,924a0347-9afd-427e-9b93-3419fac6d03e,
b00955a6,SACA Autumn Super Cricket T20 Winter 2026,2026-05-10,Round 5,FIRST_INNINGS,3c27cc30-72d1-443f-951f-64112148f221,57c57ec5-b5e6-4a51-b519-0c13330f0564,CAUGHT,83e8433d-6608-4456-b016-d40b83e1d0c5,5dd4468c-a401-4b18-b6a0-098e2dad048b
b00955a6,SACA Autumn Super Cricket T20 Winter 2026,2026-05-10,Round 5,FIRST_INNINGS,48dd2c89-21ad-4763-8675-c111e1bf62ca,57c57ec5-b5e6-4a51-b519-0c13330f0564,CAUGHT,537b54e0-08df-429d-9e53-984b8df8a3c6,8c226631-4efe-48f0-9d7b-6c2aab8013c6
b00955a6,SACA Autumn Super Cricket T20 Winter 2026,2026-05-10,Round 5,FIRST_INNINGS,59e839c5-c8fc-4c47-9fe6-fd8a478e289e,57c57ec5-b5e6-4a51-b519-0c13330f0564,BOWLED,537b54e0-08df-429d-9e53-984b8df8a3c6,
b00955a6,SACA Autumn Super Cricket T20 Winter 2026,2026-05-10,Round 5,FIRST_INNINGS,2d491a51-bec8-4025-9b5b-6b1b0bd77f3d,57c57ec5-b5e6-4a51-b519-0c13330f0564,CAUGHT,a8dc2367-cffc-4f4e-92c1-67698ad1c0e4,8c226631-4efe-48f0-9d7b-6c2aab8013c6
b00955a6,SACA Autumn Super Cricket T20 Winter 2026,2026-05-10,Round 5,FIRST_INNINGS,924a0347-9afd-427e-9b93-3419fac6d03e,57c57ec5-b5e6-4a51-b519-0c13330f0564,CAUGHT,83e8433d-6608-4456-b016-d40b83e1d0c5,cca920db-6b52-472e-97d9-285f7f7b1f8f
b00955a6,SACA Autumn Super Cricket T20 Winter 2026,2026-05-10,Round 5,FIRST_INNINGS,1c4c818f-fe08-4a4c-94d7-144d53869682,57c57ec5-b5e6-4a51-b519-0c13330f0564,CAUGHT,a8dc2367-cffc-4f4e-92c1-67698ad1c0e4,
b00955a6,SACA Autumn Super Cricket T20 Winter 2026,2026-05-10,Round 5,FIRST_INNINGS,35699630-2f8e-4fbe-b482-e5edc0165b03,57c57ec5-b5e6-4a51-b519-0c13330f0564,BOWLED,a8dc2367-cffc-4f4e-92c1-67698ad1c0e4,
b00955a6,SACA Autumn Super Cricket T20 Winter 2026,2026-05-10,Round 5,FIRST_INNINGS,0246aeee-de4b-42c3-8590-441a644bc0c6,57c57ec5-b5e6-4a51-b519-0c13330f0564,CAUGHT,764b55b8-eb85-4eea-8d64-de82bfa95719,8c226631-4efe-48f0-9d7b-6c2aab8013c6
b00955a6,SACA Autumn Super Cricket T20 Winter 2026,2026-05-10,Round 5,FIRST_INNINGS,7c4538d6-bba8-4240-b926-e76cb93b239b,57c57ec5-b5e6-4a51-b519-0c13330f0564,BOWLED,764b55b8-eb85-4eea-8d64-de82bfa95719,
b00955a6,SACA Autumn Super Cricket T20 Winter 2026,2026-05-10,Round 5,FIRST_INNINGS,5f074d08-ca8d-4c86-b40d-50afbe52adf6,57c57ec5-b5e6-4a51-b519-0c13330f0564,CAUGHT,033f20fd-faf1-4463-b9d3-4595b70dd6bd,a8dc2367-cffc-4f4e-92c1-67698ad1c0e4
5164fe03,SACA Autumn Super Cricket T20 Winter 2026,2026-05-17,Round 6,FIRST_INNINGS,3600a739-3978-4d0a-a5ef-a9e2593c6995,05d2a99e-187c-4ae9-9cae-676a9ed50968,LEG_BEFORE_WICKET,d45bdd89-3d7f-4edd-ab6e-da95396390a5,
5164fe03,SACA Autumn Super Cricket T20 Winter 2026,2026-05-17,Round 6,FIRST_INNINGS,4993bc99-ab49-4b6e-bee3-ebd1ea811039,05d2a99e-187c-4ae9-9cae-676a9ed50968,CAUGHT,35699630-2f8e-4fbe-b482-e5edc0165b03,3c27cc30-72d1-443f-951f-64112148f221
5164fe03,SACA Autumn Super Cricket T20 Winter 2026,2026-05-17,Round 6,FIRST_INNINGS,80e1b740-2800-40de-91dd-6a820befd64d,05d2a99e-187c-4ae9-9cae-676a9ed50968,BOWLED,35699630-2f8e-4fbe-b482-e5edc0165b03,
5164fe03,SACA Autumn Super Cricket T20 Winter 2026,2026-05-17,Round 6,FIRST_INNINGS,0f735b01-0224-4fe0-9321-bfd2c210d646,05d2a99e-187c-4ae9-9cae-676a9ed50968,STUMPED,35699630-2f8e-4fbe-b482-e5edc0165b03,924a0347-9afd-427e-9b93-3419fac6d03e
5164fe03,SACA Autumn Super Cricket T20 Winter 2026,2026-05-17,Round 6,FIRST_INNINGS,f93993e8-5402-4991-b151-fa4ba07d9b19,05d2a99e-187c-4ae9-9cae-676a9ed50968,CAUGHT,0246aeee-de4b-42c3-8590-441a644bc0c6,924a0347-9afd-427e-9b93-3419fac6d03e
5164fe03,SACA Autumn Super Cricket T20 Winter 2026,2026-05-17,Round 6,FIRST_INNINGS,bd214b9f-583c-487e-8c3b-7c78a58ce80a,05d2a99e-187c-4ae9-9cae-676a9ed50968,CAUGHT,35699630-2f8e-4fbe-b482-e5edc0165b03,d45bdd89-3d7f-4edd-ab6e-da95396390a5
5164fe03,SACA Autumn Super Cricket T20 Winter 2026,2026-05-17,Round 6,FIRST_INNINGS,8d4088d8-35a6-4ec1-913d-4405834063b8,05d2a99e-187c-4ae9-9cae-676a9ed50968,LEG_BEFORE_WICKET,0246aeee-de4b-42c3-8590-441a644bc0c6,
5164fe03,SACA Autumn Super Cricket T20 Winter 2026,2026-05-17,Round 6,FIRST_INNINGS,8474401f-6046-4094-a4c4-cedc739f92ab,05d2a99e-187c-4ae9-9cae-676a9ed50968,LEG_BEFORE_WICKET,9e0d50d6-9c07-467e-9dc4-ef89900b9031,
5164fe03,SACA Autumn Super Cricket T20 Winter 2026,2026-05-17,Round 6,FIRST_INNINGS,dba590fa-3a86-415a-ab28-bdcc90219f82,05d2a99e-187c-4ae9-9cae-676a9ed50968,CAUGHT,0c908d08-b341-4ae8-a72f-93078f1eed76,35699630-2f8e-4fbe-b482-e5edc0165b03
5164fe03,SACA Autumn Super Cricket T20 Winter 2026,2026-05-17,Round 6,FIRST_INNINGS,0c908d08-b341-4ae8-a72f-93078f1eed76,57c57ec5-b5e6-4a51-b519-0c13330f0564,RUN_OUT,,4993bc99-ab49-4b6e-bee3-ebd1ea811039
5164fe03,SACA Autumn Super Cricket T20 Winter 2026,2026-05-17,Round 6,FIRST_INNINGS,36a41e16-2680-4e18-bf6e-59adf319551e,57c57ec5-b5e6-4a51-b519-0c13330f0564,LEG_BEFORE_WICKET,8d4088d8-35a6-4ec1-913d-4405834063b8,
5164fe03,SACA Autumn Super Cricket T20 Winter 2026,2026-05-17,Round 6,FIRST_INNINGS,2d491a51-bec8-4025-9b5b-6b1b0bd77f3d,57c57ec5-b5e6-4a51-b519-0c13330f0564,CAUGHT,0f735b01-0224-4fe0-9321-bfd2c210d646,80e1b740-2800-40de-91dd-6a820befd64d
5164fe03,SACA Autumn Super Cricket T20 Winter 2026,2026-05-17,Round 6,FIRST_INNINGS,0246aeee-de4b-42c3-8590-441a644bc0c6,57c57ec5-b5e6-4a51-b519-0c13330f0564,CAUGHT,dba590fa-3a86-415a-ab28-bdcc90219f82,4993bc99-ab49-4b6e-bee3-ebd1ea811039
5164fe03,SACA Autumn Super Cricket T20 Winter 2026,2026-05-17,Round 6,FIRST_INNINGS,35699630-2f8e-4fbe-b482-e5edc0165b03,57c57ec5-b5e6-4a51-b519-0c13330f0564,CAUGHT,dba590fa-3a86-415a-ab28-bdcc90219f82,4993bc99-ab49-4b6e-bee3-ebd1ea811039
5164fe03,SACA Autumn Super Cricket T20 Winter 2026,2026-05-17,Round 6,FIRST_INNINGS,3c27cc30-72d1-443f-951f-64112148f221,57c57ec5-b5e6-4a51-b519-0c13330f0564,CAUGHT,f93993e8-5402-4991-b151-fa4ba07d9b19,dba590fa-3a86-415a-ab28-bdcc90219f82
5164fe03,SACA Autumn Super Cricket T20 Winter 2026,2026-05-17,Round 6,FIRST_INNINGS,eca1575e-64ed-5abd-a602-ebcf3f1fe758,57c57ec5-b5e6-4a51-b519-0c13330f0564,CAUGHT,dba590fa-3a86-415a-ab28-bdcc90219f82,0f735b01-0224-4fe0-9321-bfd2c210d646
5164fe03,SACA Autumn Super Cricket T20 Winter 2026,2026-05-17,Round 6,FIRST_INNINGS,5f074d08-ca8d-4c86-b40d-50afbe52adf6,57c57ec5-b5e6-4a51-b519-0c13330f0564,CAUGHT,f93993e8-5402-4991-b151-fa4ba07d9b19,0f735b01-0224-4fe0-9321-bfd2c210d646
5164fe03,SACA Autumn Super Cricket T20 Winter 2026,2026-05-17,Round 6,FIRST_INNINGS,d45bdd89-3d7f-4edd-ab6e-da95396390a5,57c57ec5-b5e6-4a51-b519-0c13330f0564,CAUGHT,f93993e8-5402-4991-b151-fa4ba07d9b19,8d4088d8-35a6-4ec1-913d-4405834063b8
5164fe03,SACA Autumn Super Cricket T20 Winter 2026,2026-05-17,Round 6,FIRST_INNINGS,9e0d50d6-9c07-467e-9dc4-ef89900b9031,57c57ec5-b5e6-4a51-b519-0c13330f0564,BOWLED,0f735b01-0224-4fe0-9321-bfd2c210d646,
